Title,Director,Cast,Genre,Notes,Ref.,Year,index
Khurafat,Syamsul Yusof,"Syamsul Yusof, Liyana Jasmay, Sabrina Ali, Salina Saibi, Zendy, Fauziah Nawi, Nur Huda, Mariani, Latif Borgiba, Along Eyzendy",Horror,Skop Productions Grand Brilliance,,2011,1
Great Day,Chiu Keng Guan,"Jack Lim, Wan Wai Fun, Vivian, Jiang Han, Royce Tan",Comedy / Drama,Cantonese-language film,,2011,2
HAQ,"C.L. Hor, Jumaatun Azmi","Zul Huzaimy, Adi Putra, Nanu Baharuddin, Raja Farah",Action / Drama,,,2011,3
Sini Ada Hantu,James Lee,"Alvin Wong, Baki Zainal, Mano Maniam, Eira Syazira, Kuswadinata, Fasha Sandha, Patrick Teoh, Pete Teo, Ramasundram",Horror / Mystery / Thriller,Astro Shaw,,2011,4
Kembar Siang,Hatta Azad Khan,"Kamal Adli, Intan Ladyana, Mat Over, Zul Handyblack, Zaibo, Rozita Che Wan, Lan Pet Pet, Sabri Yunus",Comedy,Metrowealth Pictures,,2011,5
Hikayat Merong Mahawangsa,Yusry Abdul Halim,"Stephen Rahman Hughes, Khir Rahman, Ummi Nazeera, Jehan Miskin, Jing Lu, Deborah Henry, Umie Aida",Historical / Action / Epic / War,KRU Studios,,2011,6
Ratu The Movie,Abdul Razak Mohaideen,"Eizlan Yusof, Fouziah Ghous, Yusry Abdul Halim, Azlee Khairi, Zaibo, Aminah Rhapor, Cico Harahap",Adventure / Drama / Mystery,Lineclear Motion Pictures,,2011,7
...Dalam Botol,Khir Rahman,"Arja Lee, Wan Raja, Fauziah Ahmad Daud, Diana Danielle",Drama,,,2011,8
Cun,Osman Ali,"Remy Ishak, Maya Karin, Ning Baizura, Jehan Miskin",Comedy / Family / Romance,Tayangan Unggul,,2011,9
Dilarang Masuk,Jeffrey Chan,"Shiqin Kamal, Azma Aizal Yusoof, Muniff Isa, Isma Hanum Husein, Esma Daniel",Thriller / Horror,,,2011,10
Senjakala,Ahmad Idham,"Zahiril Adzim, Liyana Jasmay, Faezah Elai, Aida Aris, Ruminah Sidek, Kamal Adli",Horror,Excellent Pictures,,2011,11
Penunggu Istana,Wan Hasliza,"Siti Nadhirah Mohd Zain (Adeek), Sara Ali, Nor Zafirah Abd Rahim, Amar Asyraf Zailuddin",Horror,Grand Brilliance Primeworks Studios,,2011,12
Seru,"Pierre Andre, Ming Jin","Pierre Andre, Nora Danish, Awal Ashaari, Cut Mutia, Azman Hassan, Sharnaaz Ahmad, Nisha Dirr",Horror / Mystery / Thriller,Tayangan Unggul,,2011,13
Momok Jangan Panggil Aku,M. Jamil,"M. Jamil, Cassandra Patrick, Ariff S. Shamsuddin, Zarina Zainuddin",Horror,,,2011,14
Kongsi,Farid Kamil,"Fizo Omar, Shaheizy Sam, Zul Handyblack, Azad Jasmin, Putri Mardiana, Fida, Yana Samsudin",Action / Comedy,Metrowealth Pictures,,2011,15
Nur Kasih The Movie,Kabir Bhatia,"Remy Ishak, Tiz Zaqyah, Fizz Fairuz",Drama,"Grand Brilliance, Juita Videi Filmspace",,2011,16
Karak,Yusry Abdul Halim,"Shera Aiyob, Shahir Zawawi, Kilafairy, Along Eyzendy",Horror/ Thriller,KRU Studios,,2011,17
Toyol Nakal,,"Joey Exist, Julia Ziegler, Aaron Frando, Abon, Mr. Os, Mimi M. Borhan",Comedy / Drama,,,2011,18
KL Gangster,Syamsul Yusof,"Aaron Aziz, Adi Putra, Syamsul Yusof, Ridzuan Hashim, Sofi Jikan, Zizan Razak",Action,,,2011,19
3 2 1 Cinta,Azhari Mohd Zain,"Farid Kamil, Diana Amir, Pierre Andre",Romance / Comedy,,,2011,20
Rasuk,S. Baldev Singh,"Fouziah Ghous, Iqram Dinzly, Sidek Hussain, Fauziah Nawi, Khir Mohd Noor",Horror / Thriller,White Mapert Entertainment,,2011,21
Sekali Lagi,Hashim Rejab,"Shaheizy Sam, Mia Sara Nasuha, Lisa Surihani, Bront Palarae",Romance,Metrowealth Pictures,,2011,22
Tolong Awek Aku Pontianak,James Lee,"Zahiril Adzim, Sazzy Falak, Liyana Jasmay, Afdlin Shauki, Nurul Wahab, Jehan Miskin, Harun Salim Bachik",Horror / Comedy / Romance,Tayangan Unggul,,2011,23
Flat 3A,Azhari Mohd Zain,"Intan Ladyana, Ery Zukhairi, Shasha",Horror,Metrowealth Pictures,,2011,24
Senario The Movie: Ops Pocot,Ismail Bob Hasim,"Azlee Jaafar, Lan Pet Pet, Wahid Mohamed, Diana Amir, Mas Muharni, Kamal Adli",Comedy,Metrowealth Pictures,,2011,25
Karipap-Karipap Cinta,Othman Hafsham,"Gambit Saifullah, Melia Aimellia, Eman Manan",Comedy / Romance,,,2011,26
Hantu Bonceng,Ahmad Idham,"Zizan Razak, Juliana Evans, Jue Aziz, Sallehudin (Tai)",Horror / Comedy,Excellent Pictures,,2011,27
Nasi Lemak 2.0,Namewee,"Namewee, Adibah Noor, Afdlin Shauki, Karen Kong, Felixia Yeap, David Arumugam, Denise Lau, Nur Fathia, Ho Yuhang, Pete Teo",Comedy / Drama,Mandarin-Cantonese-Malay-language film,,2011,28
Raya Tak Jadi,Abdul Razak Mohaideen,"Saiful Apek, Johan Raja Lawak, Jalaluddin Hassan, Wan Sharmila",Comedy / Family,"Grand Brilliance, Lineclear Motion Pictures",,2011,29
Bini-Biniku Gangster,Ismail Bob Hasim,"Shaheizy Sam, Intan Ladyana, Yana Samsudin, Zul Handyblack",Action / Comedy,Metrowealth Pictures,,2011,30
Libas,Jurey Latiff Rosli,"Rosyam Nor, Johan, Scha Alyahya, Beego, Fadzly Kamarulzaman",Action / Comedy,,,2011,31
Al-Hijab,Pierre Andre,"Pierre Andre, Maimon Mutalib, Aziz M. Osman, Nur Fathia, Pekin Ibrahim",Horror,,,2011,32
Klip 3GP,Aidilfitri Mohd Yunus,"Zahiril Adzim, Sara Ali, Mimie, Adeline Anthony, Amanda Misbun, Fikhree Abu Bakar",Thriller / Drama / Horror / Mystery,Grand Brilliance,,2011,33
Sumpahan Puaka,Surenthar,"Imuda, Mislina Mustaffa, Maimon Mutalib",Horror / Family / Mystery,,,2011,34
Apa Tengok-Tengok,Roy Krishnan,"Jalaluddin Hassan, Sathiya, David Arumugam, Mahyon Ismail, Dilla Ahmad, Kuswadinata, Zulkifli Ismail",Action / Comedy / Drama / Musical,,,2011,35
"Alamak, Toyol!",Ismail Bob Hasim,"Along Cham, Angah Raja Lawak, Hamid Gurkha",Horror / Comedy,Metrowealth Pictures,,2011,36
Abuya,Imran Ismail,"Faizal Hussein, Jue Aziz, Yank Kassim, Adrea Abdullah",Action / Drama,,,2011,37
Aku Bukan Tomboy,Syamsul Yusof,"Syamsul Yusof, Scha Alyahya, Shaheizy Sam, Eira Syazira, Harun Salim Bachik",Comedy / Romance / Drama,Skop Productions,,2011,38
Misteri Jalan Lama,Afdlin Shauki,"Que Haidar, Hans Isaac, Vanida Imran, Nasir Bilal Khan, Namron",Action / Adventure / Fantasy / Mystery / Fiction,Tayangan Unggul,,2011,39
Ombak Rindu,Osman Ali,"Aaron Aziz, Maya Karin, Lisa Surihani, Bront Palarae",Drama / Romance,Based on the novel of the same name,,2011,40
Datin Ghairah,Sabree Fadzil,"Aaron Aziz, Maria Farida, Hairie Othman, Faizal Hussein, Yank Kassim",Comedy / Romance,,,2011,41
Songlap,Effendee Mazlan,"Shaheizy Sam, Syafie Naswip, Sara Ali",Action / Drama / Crime,Grand Brilliance Red Films,,2011,42
Suatu Malam Kubur Berasap,Ernie Chen,"Angah Raja Lawak, Along Cham, Azrul Cham, Ernie Chen, Nurul Ain Nordin, Zac Diamond",Horror / Comedy,,,2011,43
Papa I Love You,Hashim Rejab,"Lisa Surihani, Mia Sara Nasuha, Zalif Sidek, Zaidi Omar, Syanie, Zul Handyblack",Comedy / Drama,Metrowealth Pictures,,2011,44
Sesuatu Yang Tertinggal,Asrull Hisyam,"Zahiril Adzim, Sara Ali, Shera Aiyob, Namron",Horror,Grand Brilliance,,2012,45
Keramat,Azhari Mohd Zain,"Zul Handyblack, Rebecca Nur Al Islam, Diana Amir, Alex Yanz, Putri Mardiana, Mon Ryanti, Adey Syafrien, Hairul Azreen",Horror,Metrowealth Pictures,,2012,46
Bujang Telajak,Abdul Razak Mohaideen,"Saiful Apek, Nabil Ahmad, Johan Raja Lawak, Fazura, Mustapha Kamal",Comedy,LineClear Motion Pictures,,2012,47
Ah Beng The Movie : Three Wishes,Silver Yee,"Jack Lim, Gan Mei Yan",Comedy,The Film Engine Cantonese-language film,,2012,48
Sumpahan Kum Kum,Ismail Bob Hasim,"Fezrul Khan, Putri Mardiana, Wawa Zainal, Shima Anuar, Lydiawati",Horror,Metrowealth Pictures,,2012,49
Azura,Aziz M. Osman,"Neelofa, Shahz Jaszle, Afdlin Shauki, Erma Fatima",Drama / Romance,Ace Motion Pictures,,2012,50
Hantu Dalam Botol Kicap,Azhari Mohd Zain,"Wawa Zainal, Mikail Andre, Mon Ryanti, Zalif Sidek, Epy Raja Lawak, Azrol Anwar, Angah Raja Lawak",Comedy / Horror,Metrowealth Pictures,,2012,51
Chantek,Pierre Andre,"Pierre Andre, Maimon Mutalib, Nurul Ekasari, Kim Watt, Abon",Drama / Romance,Empat Semudra Plantation,,2012,52
Adnan Sempit 2,Ismail Bob Hasim,"Shaheizy Sam, Intan Ladyana, Yana Samsudin, Angah Raja Lawak Along Raja Lawak, Ahmad Tarmimi Siregar, Aznah Hamid",Comedy,"Metrowealth Pictures
Preceded by Adnan Sempit (2010)",,2012,53
Fist of Dragon,Michael Chuah,"Michael Chuah, Steve Yap, Fiona Xie, Henry Thia, Wang Xiao-chen",Action / Martial Arts,"Evo Pictures
Mandarin-language film",,2012,54
Cinta Kura-Kura,Nizam Zakaria,"Aeril Zafrel, Tiz Zaqyah, Zizan Razak, Shy8, Farah Fauzana, Bob AF2, Fizz Fairuz, Harun Salim Bachik, Norhayati Taib, Munir",Comedy / Romance,KRU Studios,,2012,55
Bunohan,Dain Said,"Faizal Hussein, Zahiril Adzim, Pekin Ibrahim, Wan Hanafi Su, Bront Palarae, Namron, Sofi Jikan",Action / Drama,Apparat,,2012,56
SeeFood,Goh Aun Hoe,"Gavin Yap, Diong Chae Lian",Adventure / Comedy / Animation,"Silver Ant
English-language film",,2012,57
7 Petala Cinta,Azhari Mohd Zain,"Aeril Zafrel, Diana Amir, Fizo Omar, Shima Anuar, Putri Mardiana",Drama / Romance,Metrowealth Pictures,,2012,58
Jidin Sengal,Esmi Zahara Yusof,"Angah Raja Lawak, Along Raja Lawak, Azrul Raja Lawak, Zac Diamond, Faezah Elai, Jue Aziz",Comedy / Romance,Outloud Studios,,2012,59
Jangan Pandang-Pandang,Ahmad Idham,"Zizan Razak, Sara Ali, Nas-T, Miera Leyana, Anith Aqilah, Azhar Sulaiman",Comedy,Excellent Pictures,,2012,60
3 Temujanji,Hashim Rejab,"Yana Samsudin, Pierre Andre, Kamal Adli, Diana Amir",Comedy / Romance,Metrowealth Pictures,,2012,61
Uncle Usin,Husri Husain,"Zizan Razak, Johan Raja Lawak, Nabil Ahmad, Shiqin Kamal, Ebby Yus",Action / Comedy,Sketch Seven,,2012,62
Berani Punya Budak,Afdlin Shauki,"Afdlin Shauki, Nabil Ahmad, Johan Raja Lawak, Awie, Adlin Aman Ramli, Sharifah Sofia",Action / Comedy,Ismail Holding & Vision Works,,2012,63
Chow Kit,"Rosihan Zain, Brando Lee","Beto Kusyairi, Dira Abu Zahar, Muhamad Izzam Izzudin, Muhamad Izzam Syafiq, Muzhaffar Shah Shahrul Asran, Nur Nadzirah Rosi, Mers Sia",Action / Crime,Grand Brilliance,,2012,64
Nongkrong,Ismail Bob Hasim,"Shaheizy Sam, Angah Raja Lawak, Epy Kodiang",Comedy / Horror,Metrowealth Pictures,,2012,65
Ghost Buddies,Simon Sek,"Mark Lee, Maggie Shiu Mei Kei, Vivian Tok, Lim Ching Miau",Comedy / Horror,"Double Vision Pictures
Mandarin-Hokkien-language film",,2012,66
Mantera,Mohd Aliyar Al-Kutthy,"Tomok, Shiqin Kamal, Kamaliya, Wael Al-Masri, Said Dashuk-Nighmatulin, Mikhail Dorojkin, Faezah Elai, Yank Kassim",Science Fiction / Fantasy,"Flare Studios Malay-
English-language film",,2012,67
You Believe In Ghost?,M. Subash Abdullah,"Eric Chen, Rabbit Chen, Yow Lan",Horror,"Genius Parade
Mandarin-language film",,2012,68
"Aku Ada, Kau Ada???",Rahila Ali,"Yana Samsudin, Shaheizy Sam, Kamal Adli",Comedy / Romance / Musical,Pencil Pictures,,2012,69
Hoore! Hoore!,Saw Teong Hin,"Akim, Kilafairy, Nurfarah Nazirah, Harun Salim Bachik, Adibah Noor, Sahronozam Noor, Aznil Nawawi, Fauziah Nawi",Romance / Musical,Astro Shaw-Real Pictures co-production,,2012,70
Man Sewel Datang KL,Rahman Adam,"Shuib Sepah, Julia Ziegler, Razali Hussain, Siti Sarah Raisudin, Rafidah Ibrahim",Comedy,Work Move Productions,,2012,71
Gerimis Mengundang,Ahmad Idham,"Kamal Adli, Olivia Jensen Lubis",Romance / Musical,"E-Rama Creative
Adapted from the play of the same name",,2012,72
X,Ahmad Rusli Mohamed Khadri,"Pierre Andre, Diana Amir, Intan Ladyana, Nuremynadia Ramli, Siti Chubby",Comedy / Romance,Metrowealth Pictures,,2012,73
Jalan Kembali: Bohsia 2,Syamsul Yusof,"Salina Saibi, Nabila Huda, Syamsul Yusof, Sofi Jikan, Zizan Razak, Hetty Sarlene, Harun Salim Bachik",Drama / Crime,"Skop Productions-Primeworks Studios
Preceded by Bohsia: Jangan Pilih Jalan Hitam (2009)",,2012,74
Jiwa Taiko,Osman Ali,"Remy Ishak, Diana Danielle, Nadiya Nisaa, Bront Palarae, Fizz Fairuz, Mislina Mustafa",Action / Drama,Nuansa Production,,2012,75
Tears of the Mom,Yoko Chou,"Amber Chia, Yap Chou Chuen, Johnson Low, Anita Phang, Hero Tai, Kimura Takahiro, Azzaly Ismail",Drama / Romance / Family,"Shining Production
Mandarin-language film",,2012,76
Hanya Aku Cinta Kau Seorang,Ahmad Rusli Mohamed Khadri,"Aeril Zafrel, Nuremynadia Ramli, Fezrul Khan, Mon Ryanti, Liza Abdullah",Romance,Metrowealth Pictures,,2012,77
Mael Lambong,Ahmad Idham,"Zizan Razak, Juliana Evans, Taiyuddin Bakar, Shenthy Feliziana",Action,Excellent Pictures,,2012,78
Baik Giler!!,Mansor Akob,"Zizan Razak, Awie, Farawahida, Justin Choo, Esma Daniel, Sharifah Shahirah, Abon, Kenchana Dewi",Comedy,Layar Dimensi,,2012,79
"Aku, Kau dan Dia",Pierre Andre,"Remy Ishak, Sharifah Zarinatasha, Pekin Ibrahim, Marisa Yasmin, Harun Salim Bachik, Pierre Andre",Drama / Romance,Tayangan Unggul,,2012,80
8 Jam,Ahmad Idham,"Shaheizy Sam, Yana Samsudin, Fimie Don, Erynne Erynna, Lydiawati, Eizlan Yusof, Aziz Singah",Action / Drama,Metrowealth Pictures,,2012,81
Momok Jangan Cari Pasal!,M. Jamil,"M. Jamil, Sheril Aida, Wan Raja, Myza Aryqa, P. Prem Anand Pillai, Ruminah Sidek",Comedy / Thriller / Musical,Galaksi Seni,,2012,82
Karma Reborn,M. Subash Abdullah,"Susan Leong, Rabbit Chen, Eric Chen, Mak Jah, Alice Yap",Thriller / Horror / Suspense,"Genius Parade
Cantonese-language film",,2012,83
Hantu Gangster,Namewee,"Namewee, Farid Kamil, Diana Danielle",Comedy / Horror,Prodigee Media Malay & Mandarin- language film,,2012,84
SAM,Syafiq Yusof,"Shaheizy Sam, Lisa Surihani, Syamsul Yusof, Neelofa, Azad Jasmin",Thriller / Romance,Skop Productions,,2012,85
Seram Sejuk,Azhari Mohd Zain,"Angah Raja Lawak, Zul Handyblack, Wawa Zainal, Eddy Afro, Fyza Kadir",Comedy / Horror,I-Insan Multimedia,,2012,86
Leftwings,Faisal Chal Ahmad,"Aweera, Zouladeq, Wan Zaimie, Paly Rockstars, Ebi Kornelis, Shiqin Kamal",Musical,Bagus Tiasa,,2012,87
29 Februari,Edry Abdul Halim,"Remy Ishak, Jojo Goh, Izzue Islam",Drama,KRU Studios,,2012,88
Salam Cinta,Azhari Mohd Zain,"Kamal Adli, Diana Amir, Razak Ahmad",Romance,Metrowealth Pictures,,2012,89
Hantu Air,Murali Abdullah,"Saiful Apek, Hairi Safwan, Nisha Dir",Comedy / Horror,Multimedia Entertainment,,2012,90
Halim Munan,Hashim Rejab,"Fizo Omar, Zul Handyblack, Intan Ladyana",Comedy / Horror,RR Empire,,2012,91
Kepong Gangster,Teng Bee,"Melvin Sia, Henley Hii, Hero Tai, Rayz Lim, Billy Ng",Action / Crime,"Mahu Pictures
Mandarin-, Cantonese-language film",,2012,92
Untuk Tiga Hari,Afdlin Shauki,"Afdlin Shauki, Rashidi Ishak, Vanida Imran, Ayu Raudhah",Drama / Romance,Astro Shaw,,2012,93
Aji Noh Motor,Mohd Razif Rashid,"Alex Yanz, Zalif Sidek, Wawa Zainal, Epy Raja Lawak",Comedy,MIG Pictures,,2012,94
Hantu Kapcai,Ghaz Abu Bakar,"Zizan Razak, Fizz Fairuz, Remy Ishak, Hairul Azreen, Izzue Islam, Neelofa",Comedy / Horror,KRU Studios,,2012,95
Sofazr The Movie: Jiwa Kacau,"Tauke Raja Lawak, Isma AF7","Wan Shahbaharin Niktah, Wan Shah Baharom Niktah, Ahmad Fairouz Mohamad, Amir Mahiyidin, Zarimi Zahari, Rodie Jamun, Angah Raja Lawak, Along Raja Lawak, Azrul Raja Lawak, Tauke Raja Lawak, Jep Sepah, Mamat Sepah, Saiful Apek, Hamid Gurkha, Yassin",Comedy / Horror,Nusanbakti Corporation,,2012,96
Taikun,Ismail Bob Hasim,"Angah Raja Lawak, Along Raja Lawak, Alex Yanz, Zul Suphian, Adey Syafrien",Action / Comedy,MIG Production,,2012,97
Ngorat,Abdul Razak Mohaideen,"Iedil Putra, Aaron Aziz, Erra Fazira",Comedy / Romance,Primeworks Studios,,2012,98
Aku Terima Nikahnya,Eyra Rahman,"Ady Putra, Nora Danish",Romance,Metrowealth Pictures,,2012,99
Cinta Beruang,Ramanarayanan,"Nabil Ahmad, Jue Aziz, Tauke Raja Lawak, Ropie Cecupak, Sathiya",Comedy,Fantastic Villa,,2012,100
PE3,Farid Kamil,"Farid Kamil, Kamal Adli, Diana Amir",Action / Comedy,Metrowealth Pictures,,2012,101
Vajram,M. Subash Abdullah,"M. Suurya, Yasmin Khanif, Mislina Mustaffa, Mariani",Romance,"Genius Parade
Tamil-language film",,2012,102
Apa Celop Toqq...,Ahmad Idham,"Hazama Azmi, Taiyuddin Bakar, Intan Ladyana, Shenthy Feliziana, Azad Jasmin",Comedy / Romance,Excellent Pictures,,2012,103
Budak Pailang,Hashim Rejab,"Aeril Zafrel, Wawa Zainal, Niezam Zaidi, Zalif Sidek, Epy Raja Lawak",Action,MIG Pictures,,2012,104
Zaiton: Ceritaku,Esma Daniel,Nadia Aqilah,Drama,Bruang Film,,2012,105
Aji Boy,Ismail Bob Hasim,"Rykarl Iskandar, Zalif Sidek, Epy Raja Lawak, Angah Raja Lawak, Adibah Yunus",Comedy,MIG Pictures,,2012,106
"Istanbul, Aku Datang",Bernard Chauly,"Lisa Surihani, Beto Kusyairy, Tomok, Aizat Amdan",Comedy / Romance,Primeworks Studios-Red Films co-production,,2012,107
War of the Worlds: Goliath,Joe Pearson,"Tony Eusoff, Jim Byrnes, Joey D'Auria, Matt Letscher, Adam Baldwin, Adrian Paul, Elizabeth Gracen, Mark Sheppard, Rob Middleton, Peter Wingfield",Action / Science Fiction / Animation,"Tripod Entertainment
English-language film",,2012,108
Pontianak vs Orang Minyak,Afdlin Shauki,"Nabil Ahmad, Johan Raja Lawak, Afdlin Shauki, Khir Rahman, Lana Nordin, Adibah Noor",Comedy,Vision Works,,2012,109
Sepah The Movie,MP Roslin Md Sharif,"Jep Sepah, Shuib Sepah, Mamat Sepah, Anzalna Nasir, Jehan Miskin",Comedy / Romance,PTV Film Production,,2012,110
Lagenda Budak Setan II: Katerina,Sharad Sharan,"Farid Kamil, Maya Karin, Bront Palarae",Drama / Romance,"Astro Shaw
Preceded by Lagenda Budak Setan (2010)",,2012,111
Strawberi Cinta,Ahmad Rusli Mohamed Khadri,"Pierre Andre, Yana Samsudin, Diana Amir",Romance,MIG Pictures,,2012,112
Adutha Khattam,Muralikrishnan Munian,"Devendran Arunasalam, Gantiban Ben, Malar Meni Perumal, Aghonderan Sahadevan, Sasitharan Rajoo",Thriller / Horror,"NGP Film
Tamil-language film",,2012,113
The Golden Couple,Ah Niu,"Mike He, Fiona Xie, Steve Yap",Comedy / Romance,"Asia Tropical Films
Mandarin-language film",,2012,114
Adik Manja Returns,Dharma Harun Al Rashid,"Dharma Harun Al Rashid, Faezah Elai, Juliana Evans, Rozita Che Wan, Jihan Raja Lawak",Comedy,Adik Manja,,2012,115
The Collector,James Lee,"Chew Kin Wah, Kwai Yuen, Jack Lim, Sunny Pang, Ramana Mohan, Nigel Kok, Yeo Yann Yann, Patrick Teoh",Action / Comedy,"Tayangan Unggul
Mandarin-, Cantonese-language film",,2012,116
Kahwin 5,Nizam Zakaria,"Shy8, Dian P. Ramlee, Adrea Abdullah, Norish Karman, Fizz Fairuz, Sofi Jikan, Anzalna Nasir, Marsha Milan Londoh",Comedy / Romance,KRU Studios,,2012,117
Prince of the City,Roslan Hussin,"Julian Cheah, Michael Madsen, Aaron Aziz, Jehan Miskin",Action,"Axis Line Entertainment
English-language film",,2012,118
Minyak Dagu,Azhari Mohd Zain,"Fezrul Khan, Yana Samsudin, Fizo Omar",Horror,MIG Pictures,,2013,119
Paper Moon,Stanley Law,"Gordon Lam, Chrissie Chau, Tedd Chan",Drama / Romance,"Double Vision
Mandarin-language film",,2013,120
The Amazing Safari,Goh Aun Hoe,"Gavin Yap, Diong Chae Lian",Adventure / Comedy / Animation,"Silver Ant
English-language film",,2013,121
Juvana,Faisal Ishak,"Zahiril Adzim, Johan As'ari, Syazwan Zulkfili, Sharnaaz Ahmad, Syafie Naswip, Adlin Aman Ramli, Shera Aiyob",Action / Drama,Filmscape,,2013,122
Ismail Bob Hasim,"Yana Samsudin, Angah Raja Lawak, Along Cham, Adibah Yunus",Comedy,"Metrowealth Pictures
A spin-off of the Adnan Sempit franchise",,,2013,123
"Hantu Kak Limah 2: Husin, Mon & Jin Pakai Toncit",Mamat Khalid,"Awie, Usop Wilcha, Delimawati, Avaa Vanja, Zami Ismail, Man Kadir, Rashidi Ishak",Comedy / Horror,"Tayangan Unggul
Preceded by Hantu Kak Limah Balik Rumah (2010)",,2013,124
The Wedding Diary 2,Adrian Teh,"Ah Niu, Elanne Kwong, Kara Hui, Jack Choo",Comedy / Romance,"Asia Tropical Films
Mandarin-language film Preceded By The Wedding Diary",,2013,125
Once Upon a Time,Silver Yee,"Jack Lim, Gan Mei Yan, Vivian Tok, Jeff Chin, Royce Tan",Comedy,"The Film Engine
Cantonese-language film",,2013,126
Kerat 14,Arjin Uppal,"Aaron Aziz, Siti Saleha, Fouziah Ghous",Action / Mystery / Suspense,White Merpati Entertainment,,2013,127
Gangster Celop,Ahmad Idham,"Syamsul Yusof, Kamal Adli, Hanis Zalikha, Yus Raja Lawak",Action / Crime,Excellent Pictures-Skop Production co-production,,2013,128
Pada Suatu Cinta Dahulu,Hashim Rejab,"Intan Ladyana, Niezam Zaidi, Wawa Zainal, Zalif Sidek, Aren Yunus",Comedy / Romance,Metrowealth Pictures,,2013,129
Rock Oo!: Rimba Bara Kembali,Mamat Khalid,"Que Haidar, Khir Rahman, Sofi Jikan, Pekin Ibrahim, Azmi Black",Drama / Musical,Primeworks Studios,,2013,130
Cerita Kita,Pierre Andre,"Yana Samsudin, Pekin Ibrahim, Fezrul Khan",Romance,Metrowealth Pictures,,2013,131
Lawak Ke Der 2,Hans Isaac,"Zizan Razak, Johan Raja Lawak, Afdlin Shauki, Harun Salim Bachik, Harith Iskander, Nabil Ahmad",Comedy,"Tall Order Production
Adapted from the stage play of the same name",,2013,132
Awan Dania The Movie,Rashid Sibir,"Scha Alyahya, Elly Mazlein, Rusdi Ramli, Jehan Miskin",Comedy / Romance,Tayangan Unggul,,2013,133
Ops Kossa Dappa 3,K. Annan Joseph,"Loganathan, Sasi Kumar, Jasmine Micheal, Buveni Ann Mayan, Nilasha, Amber Chia, Priyanka Kothari, Kadhal Dhandabani",Action / Science-Fiction,"ATV Pictures
Tamil-language film",,2013,134
Bola Kampung The Movie,Wong Kuan Loong,"Ezlynn, Afdlin Shauki, Harris Alif, Aznil Nawawi, Adila Shakir, Baki Zainal, Marsha Milan Londoh",Adventure / Animation,"Animasia Studios
Based on the television animation, Bola Kampung",,2013,135
Gila-Gila Remaja 2,V Nagaraj,"Hairul Azreen, Faralyna Idris, Fizz Fairuz, Taiyuddin Bakar",Action / Comedy,Megamovie,,2013,136
Sembunyi: Amukan Azazil,Kabir Bhatia,"Diana Danielle, Remy Ishak, Umie Aida, Sharnaaz Ahmad, Fizo Omar",Fantasy / Horror,Primeworks Studios,,2013,137
2 Kalimah,Eyra Rahman,"Shaheizy Sam, Nora Danish, Yana Samsudin, Wan Hanafi Su",Romance,MIG Pictures,,2013,138
Langgar,Syed Hussein Syed Mustafa,"Ady Putra, Hans Isaac, Namron, Khir Rahman, Natasha Hudson, Zul Huzaimy, Nadia Heng, Bell Ngasri",Action,Tayangan Unggul,,2013,139
Kecoh! Hantu Raya Tok Chai,Opie Zami,"Saiful Apek, Intan Ladyana, Sathiya, Azrul Cham, Amir Raja Lawak, Sobri Anuar, Kuswadinata",Comedy / Horror,3Line Media,,2013,140
Mencari Cinta,Shirin Khuzaimi,"Rusdi Ramli, Nora Danish, Riezman Khuzaimi, Connie Ahmad",Romance,Armnet Integrated,,2013,141
Bisikan Syaitan,Faizul A. Rashid,"Fizz Fairuz, Nabila Huda, Wan Sharmila, Azam Pitt",Horror,Primeworks Studios,,2013,142
Kaliyugha,S. T. Bala,"S. T. Bala, Geethanjali, Sharmini Ramesh",Drama,"Fenomena Seni Produksi
Tamil-language film",,2013,143
99 Kali Rindu,Azhari Mohd Zain,"Aeril Zafrel, Wawa Zainal, Adey Syafrien, Fizo Omar, Diana Amir, Siti Aziz",Drama / Romance,MIG Pictures,,2013,144
O.M.K (Oh Mak Kau!),Nurul Ain Nordin,"Shuib Sepahtu, Jep Sepahtu, Nurul Ain Nordin, Syamsul Yusof, Didie Alias, Wan Maimunah, Yassin Yahya",Action / Comedy,Star Scope Production,,2013,145
Olli,P. Rameesh,"Pushpa Narayan, Shashi Tharan",Action / Science-Fiction,"Nova Rimbun
Tamil-language film",,2013,146
Bikers Kental,Helmi Yusof,"Zizan Razak, Awie, Zul Ariffin, Bront Palarae, Amerul Affendi, Sufian Mohamed, Pornwippa Watcharakaroon, Julangtip Sukkasem, Harun Salim Bachik",Comedy,Astro Shaw,,2013,147
KIL,Nik Amir Mustapha,"Redza Minhat, Cristina Suzanne Stockstill",Drama / Romance / Mystery,Primeworks Studios,,2013,148
"Bro, Nampak Motor Gua?",Mohd Razif Rashid,"Along Cham, Along Eyzendy, Mon Ryanti, Mamat Khalid, Shah Rempit, Fadzil Zahari",Action / Comedy,MIG Pictures,,2013,149
Lari,Ahmad Idham,"Aaron Aziz, Dira Abu Zahar, Erin Malek, Hazama Azmi",Action,Excellent Pictures,,2013,150
Pecah,Asrull Hisyam,"Tony Eusoff, Sofi Jikan, Izreen Azminda, Fizz Fairuz",Action / Thriller,Primeworks Studios,,2013,151
Tokak,Sabree Fadzil,"Abon, Joey Daud, Faiz Raja Lawak, Airis Yasmin, Kazar",Comedy / Horror,MIG Production,,2013,152
1 Lawan Satu,Pierre Andre,"Mikail Andre, Fyza Kadir, Along Eyzendy",Action,MIG Production,,2013,153
Olipathivu,Elson Tommas,"Vassan, Sivabaalan, Govind Singh, Sasi Kumar, Xavier Lock-up, Devika Raghavakrishnan, Maney Villanz & Samuel Sam",Action / Thriller,"Snap Production
Tamil-language film",,2013,154
Misteri Bisikan Pontianak,M. Subash Abdullah,"Ruminah Sidek, Mislina Mustaffa, Zakri, Haqim Omar",Thriller / Mystery,Genius Parade,,2013,155
Kara King,Namewee,"Namewee, Frankie Gao, Ng Man-Tat",Comedy / Family,"Prodigee Media
Mandarin-language film",,2013,156
Adnan Sempit 3,Ismail Bob Hasim,"Shaheizy Sam, Intan Ladyana, Along Cham, Yana Samsudin, Angah Raja Lawak",Comedy,"MIG Production
Preceded by Adnan Sempit (2010) and Adnan Sempit 2 (2012)",,2013,157
Lemak Kampung Santan,Hans Isaac,"Hans Isaac, Neelofa, Harun Salim Bachik, Awie, Khir Rahman, Natasha Hudson",Romance,Tall Order Production,,2013,158
Ge Mei Lia,Euho,"William Yap, Mingirl Loh, Edmund Chen, Lynn Lim, Melvin Sia, Joannabelle Li",Comedy,"Asia Tropical Films
Mandarin-language film",,2013,159
Paku Pontianak,Ismail Bob Hasim,"Pekin Ibrahim, Hidayah Samsudin, Uqasha Senrose, Adibah Yunus, Along Eyzendy, Sidek Hussain, Ruminah Sidek",Horror,MIG Pictures,,2013,160
KL Zombi,Ming Jin,"Zizan Razak, Siti Saleha, Izara Aishah, Iedil Putra, Zain Hamid, Azhan Rani, Faezah Elai, Usop Wilcha",Action / Comedy / Horror,Primeworks Studios,,2013,161
Tanda Putera,Shuhaimi Baba,"Rusdi Ramli, Zizan Nin, Faezah Elai, Linda Hashim",Action / Drama / Suspense,Pesona Pictures,,2013,162
Dhusrajanam,M. Suurya,"M. Subash Abdullah, Kalpana Sundraju",Sport / Drama,"Genius Parade
Tamil-language film",,2013,163
Psiko: Pencuri Hati,Namron,"Bront Palarae, Sharifah Amani, Sein Ruffedge, Amerul Affendi, Shera Ayob, Julia Ziegler",Action / Drama / Suspense,Filmmecca Studio,,2013,164
Lagenda Budak Hostel,Ismail Bob Hasim,"Along Cham, Along Eyzendy, Angah Raja Lawak, Nora Danish, Atikah Suhaimie, Rahim R2, Pekin Ibrahim, Epy Raja Lawak, Mikail Andre",Drama / Romance,MIG Pictures,,2013,165
Vikingdom,Yusry Abdul Halim,"Dominic Purcell, Craig Fairbrass, Natassia Malthe, Conan Stevens, Jon Foo",Adventure,"KRU International
English-language film",,2013,166
Maraimugam,Sara.R,"Mogan, Krishnapriya",Comedy,"Boss Pictures
Tamil-language film",,2013,167
Dampak,"Andy Mak, Lai Yuk Long","Aaron Aziz, Farid Kamil, Michael Chin, Intan Ladyana, Juliana Evans, Scha Alyahya",Action,Ops Picture,,2013,168
Bencinta,Eyra Rahman,"Farid Kamil, Nora Danish, Uqasha Senrose, Zalif Sidek, Fezrul Khan, Qi Razali",Romance,MIG Pictures,,2013,169
"Ghost Ghost, Ghosts!",M. Subash Abdullah,"Renaise, Jackson, Eric Chen, Lenny Ooi, Susan Leong, Alice Yap",Horror,"Genius Parade
Mandarin-language film",,2013,170
KL Gangster 2,Syamsul Yusof,"Aaron Aziz, Syamsul Yusof, Ady Putra, Zizan Razak, Sofi Jikan, Rosyam Nor",Action,"Skop Productions & Grand Brilliance
Preceded by KL Gangster (2011)",,2013,171
Longkai,Hashim Rejab,"Faizal Hussein, Erra Fazira, Eddie, Wawa Zainal, Pierre Andre, Niezam Zaidi, Dira Abu Zahar, Zul Handyblack, Along Eyzendy, Mikail Andre",Action / Romance,MIG Pictures,,2013,172
Hello,A. R. Badul,"Tauke Jambu, Angah Raja Lawak, Along Cham, Fizo Omar, Herman Tino, Acong SweetChild",Comedy / Romance,Nusanbakti Corporation,,2013,173
Balada Pencinta,Khir Rahman,"Johan As'ari, Siti Saleha, Sein Ruffedge, Iedil Putra, Miera Leyana",Drama / Romance,Primeworks Studios,,2013,174
Highland Tower,Pierre Andre,"Mikail Andre, Shima Anuar, Adibah Yunus, Eddie",Thriller / Horror,MIG Pictures,,2013,175
Malam.... Penuh Bermisteri,Shasha Omar,"Shasha Omar, Rahim Razali, Azri Iskandar, Bell Ngasri, Acong SweetChild",Thriller / Mystery,SK Movie Makers,,2013,176
Aku Pilih Kamu,Eyra Rahman,"Fezrul Khan, Intan Ladyana, Azhan Rani",Drama / Romance,MIG Pictures,,2013,177
Firefly,Michael Chuah,"Henry Thia, Bernard Hiew, Lim Ching Miau, Michael Chuah",Action / Comedy / Superhero,"Evo Pictures
Mandarin-language film",,2013,178
Kisah Paling Gengster,Brando Lee,"Shaheizy Sam, Epy Raja Lawak, Mikail Andre, Wawa Zainal, Zul Handyblack, Wan Hanafi Su, Fyza Kadir",Action / Drama,B & L Kreatif,,2013,179
Hantu Tok Mudim,Wan Mohd Hafiz Wan Hussein,"Harun Salim Bachik, Sofi Jikan, Izzue Islam, A. R. Badul, Adrea Abdullah",Comedy / Horror,Showbiz Production,,2013,180
Penanggal,Ellie Suriati,"Azri Iskandar, Zul Arifin, Ummi Nazeera, Fasha Sandha",Horror,Astro ShawGrand Brilliance,,2013,181
"Ustaz, Mu Tunggu Aku Datang",Pierre Andre,"Shahrol Shiro, Ajak Shiro, Ustaz Azhar Idrus, Along Eyzendy, Mikail Andre, Zalif Sidek",Drama,MIG Pictures,,2013,182
Ular,Jason Chong,"Lisa Surihani, Yusry Abdul Halim, Izzue Islam",Horror,Showbiz Production,,2013,183
Kolumpo,"Sheikh Munasar, Rozi Izma, Bront Palarae","Sharifah Amani, Azad Jasmin, Nell Ng, Ruminah Sidek, Sofi Jikan, Amirul Ariff, Mano Maniam",Drama,"Otto Films
English-, Tamil-, Cantonese-language film",,2013,184
Paku,P. Rameesh,"Aishah Ilias, Johan As'ari, Azad Jasmin, Diana Johor, Kamal Adli, Zaidi Omar",Horror,Nusantara Seni Karya,,2013,185
Papadom 2,Afdlin Shauki,"Afdlin Shauki, Liyana Jasmay, Noorkhiriah, Vanida Imran, Khir Rahman, Riezman Khuzaimi, Scha Alyahya, Chelsia Ng, Hans Isaac, Pete Teo",Comedy,"Tayangan Unggul, Astro Shaw, Ismail Holdings & Vision Works",,2013,186
Laki-Laki,Ahmad Rusli Mohamed Khadri,"Angah Raja Lawak, Zul Handyblack, Adey Syafrien, Mie Raja Lawak, Azrel Ismail",Comedy,MIG Pictures,,2013,187
Cinderella,Ahmad Idham,"Fizo Omar, Nelydia Senrose, Kamal Adli, Fauziah Nawi, Azizah Mahzan, Azlan Komeng, Jalaluddin Hassan",Romance,Excellent Pictures,,2013,188
Chikaro,Nizam Zakaria,"Izzue Islam, Adleena Nordin, Liyana Jasmay, Tasha Shilla, Izara Aishah",Comedy,Showbiz Production,,2013,189
Tokan,Ghaz Abu Bakar,"Johan As'ari, Zizan Razak, Pekin Ibrahim, Sofi Jikan, Wan Hanafi Su, Liyana Jasmay, Wanna Ali",Action / Comedy,Pencil Pictures,,2013,190
Vetti Pasanga,Vimala Perumal,"Denes Kumar, Sangeeta Krishnasamy, Magendran Raman, David Anthony, Alvin Martin, Shastan Kurup",Comedy / Drama,"Veedu Production
Tamil-language film",,2014,191
Rumah Sewa RM50,M. Jamil,"M. Jamil, Amirulshah Rozali, Raji Simran, Mayumi Kasuga, Yulina, Delimawati",Thriller / Mystery,Galaksi Seni,,2014,192
The Transcend,"Mindee Ong, Teddy Chin, Ryon Lee, James Wong, Cheng Kam Cheong","Mindee Ong Le Le, Teddy Chin",Horror / Romance,"Just Work Entertainment
Mandarin-language film",,2014,193
Balistik,Silver Yee,"Rosyam Nor, Jack Lim, Rita Rudaini, Adi Putra, Rykarl Iskandar, Gan Mei Yan",Action / Thriller / Drama,Suhan Movies,,2014,194
Muka Surat Cinta,Pierre Andre,"Mikail Andre, Nina Iskandar, Atikah Suhaimie, Hilal Azman, Lan Zailan",Romance,MIG Pictures,,2014,195
Siddhartha,Lee Guohui,"Lui Leung Wai, Jennifer Tse, Law Kar Ying",Drama / Historical,"Sharp Focus Productions
Mandarin-language film",,2014,196
Laga,Ismail Yaacob,"Syazwan Zulkifli, Eman Manan, Tyash Mirashi, Wan Hanafi Su, Marsha Milan Londoh, Yus Jambu",Thriller / Drama / Crime / Action,Business Leader Film Production,,2014,197
Ah Beng: Mission Impossible,Silver Yee,"Jack Lim, Jeff Chin, Gan Mei Yan",Action / Comedy,"The Film Engine
Cantonese-language film
Preceded by Ah Beng The Movie : Three Wishes (2012)",,2014,198
The Journey,Chiu Keng Guan,"Ben Andrew Pfeiffer, Lee Sai Peng",Drama / Family,"Astro Shaw
Mandarin-, Cantonese-language film",,2014,199
Jangan Pandang Belakang Boleh?,Ismail Bob Hasim,"Zalif Sidek, Adibah Yunus, Epy Kodiang, Shima Anuar, Ruminah Sidek",Horror / Comedy,MIG Pictures,,2014,200
Kami Histeria,Shamyl Othman,"Fazura, Diana Danielle, Izzue Islam, Nad Zainal, Sara Ali, Mila Jirin, Afdlin Shauki",Horror / Comedy / Musical,Red Films / Marna Films /Astro Shaw,,2014,201
Huat Ah! Huat Ah! Huat!,Tan Boon Huat,"Aniu, Joyce Cheng",Comedy / Family,"VeryGood Movie / Red Films
Mandarin-language film",,2014,202
Bullets Over Petaling Street,"Sampson Yuen, Ho Shih Phin","Debbie Goh, Chen Han Wei, Irene Ang, Jeffrey Cheng, Steve Yap",Action / Comedy / Crime,"Juita Viden
Mandarin-language film",,2014,203
Sejoli: Misi Cantas Cinta,Osman Ali,"Maya Karin, Bront Palarae, Izara Aishah, Remy Ishak",Comedy / Romance,Primeworks Studios,,2014,204
Pasar Malam,Bryan Gao,"Victor Wong, Henry Thia, Chris Tong, James Wong",Comedy / Drama,"Great Empire Entertainment
Mandarin-language film",,2014,205
Aku Akan Muncul,Roy Krishnan,"Julia Ziegler, Musly Ramli, Jalaluddin Hassan",Drama / Thriller,RM Vision Film Production,,2014,206
The Beggar Hero,Bryan Gao,"Wayne Lai, Henry Thia, Ah Nam, Karen Kong",Action / Comedy,"Worldwide Platinum Holdings
Mandarin-, Cantonese-language film",,2014,207
Vennira Iravuggal,R. Perakas Rajaram,"Vikadakavi, Sangeeta Krishnasamy, Magendran Rahman, Psychomantra @ Krishna Kumar Lechmana, David Anthony, Aruna Raj Devarajoo",Comedy / Romance,"Shine Entertainment
Tamil-language film",,2014,208
Hantu Bukit Cina,"T.S. Jeffry, Norliza Ismail","Fouziah Gous, Gambit Saifullah, Siti Fazurina, T.S Jeffry",Horror / Comedy,Sheunik,,2014,209
Fobia Malam Pertama,Murali Abdullah,"Julia Perez, Azad Jasmin, Shafnida Shyuhaimi",Comedy / Romance / Drama,Nusantara Seni Karya,,2014,210
Mokissu,Tai Min Hwee,"Danny Koo, Yumi Wong SK, Lilian Wenwen, Penny Tai",Comedy,"Penerbitan Pelangi
Mandarin-language film",,2014,211
Zombi Kilang Biskut,Mamat Khalid,"Awie, Eina Azman, Usop Wilcha, Sofi Jikan",Horror / Comedy,Enjit Semut,,2014,212
In The Dark,Yeo Joon Han,"Jennifer Poh, Wang Po Chieh, Candy Lee",Thriller / Horror / Drama / Romance,"Amok Films
Mandarin-language film",,2014,213
"Lu, Gua Bro!",Ismail Bob Hasim,"Zalif Sidek, Epy Kodiang, Nina Iskandar, Rahim Sepahtu, Hamid Gurkha",Comedy / Drama,MIG Pictures,,2014,214
Apokalips X,Mamat Khalid,"Farid Kamil, Jehan Miskin, Peter Davis, Zoee Tan, Vassan, Adam AF, Iqram Dinzly, Pekin Ibrahim, Miera Leyana, Dazrin Kamarudin, Nur Hazwani, XY Zakaria, Zappa Khalid, Amen Khalid, Azwan Kaswi, Dayana Anak Wayang & Pyan Habib",Action / Science Fiction,Astro Shaw / Tayangan Unggul / Naga VXS,,2014,215
Pintu Neraka,CKW,"Raffi Khan, Jefri Jefrizal, Sherie Merlis, Bront Palarae, Sahronizam Noor, Namron",Horror / Action,Cahaya Karya Warna,,2014,216
Sniper,Pierre Andre,"Pablo Amirul, Mikail Andre, Fadlan Hazim, Nina Iskandar",Action,MIG Pictures,,2014,217
Bahaya Cinta,Yusof Kelana,"Adam, Han Dan, Nguyen Duc Hung, Dewi Amanda, Loung Thi Giang, Jalaluddin Hassan",Drama / Romance / Thriller,Sheunik,,2014,218
Cara Mengundang Hantu,M. Subash Abdullah,"Ruminah Sidek, Imuda, Mak Jah, Mariani",Horror / Family,Genius Parade,,2014,219
Ia Wujud,Dharma Aizat,"Your, Annam, Tommy, Amad, Arif Adam, Zakaria Zahid, Ahmad Syafiq",Horror,Mangkin Prestij,,2014,220
Super Stone,Lai Kim Koon,"William Sun, Tung Yew Ngai, Wilson Tin, Brendan Yuen, Candy Lim",Comedy / Crime,"Cao Min Pictures
Mandarin-, Cantonese-language film",,2014,221
Awak Nak Kahwin Dengan Saya?,Eyra Rahman,"Fezrul Khan, Erin Malek, Shima Anuar, Zalif Sidek, Ruminah Sidek",Comedy / Romance,MIG Pictures,,2014,222
The Great Lion: Kun Seng Keng,Matt Lai,"Alan Kuo, Xiaodong Guo, Henley Hii, Zhou Zhou, Katrina Ho, Michael Chin",Action / Drama / Family,"Asia Tropical Films
Mandarin-language film",,2014,223
Abang Long Fadil,Syafiq Yusof,"Zizan Razak, Kamal Adli, Tauke Raja Lawak, Aaron Aziz, Sofi Jikan, Yassin, Syamsul Yusof",Comedy / Action,"Skop Productions
A spin-off the KL Gangster franchise",,2014,224
Supersquad The Movie,Rashdan Ramlee,"Aaron Aziz, Diana Danielle, Dafi, Radhi Khalid, Marina Tan",Animation / Fiction,Netcarbon,,2014,225
Hantu Nan Sempit,Ahmad Idham,"Sofi Jikan, Hazama Azi, Atu Zero, Erin Malek, Jue Aziz, Khir Rahman",Action / Comedy,Excellent Pictures,,2014,226
CEO,Razaisham Rashid,"Remy Ishak, Beto Kusyairy, Cristina Suzanne, Deanna Yusoff, Jalaluddin Hassan",Comedy / Drama,Ara Film,,2014,227
Suatu Malam Kubur Berasap 2,Ernie Chen,"Ajak Shiro, Shahrol Shiro, Azad Jasmin, Rahim Sepahtu",Horror / Comedy,Outloud Studios,,2014,228
Pengantin Malam,Eyra Rahman,"Nora Danish, Farid Kamil, Nina Iskandar",Horror,MIG Pictures,,2014,229
Goal,K. Guna,"Uthaya, Irfan, THR Visha, Chinni Jayanth, Singamuthu, Nalini, Vaiyapuri, Nazira Ibrahim",Comedy / Romance / Sport / Drama,"Malik Streams Corporations
Tamil-language film",,2014,230
Vivaagarathu,Revathy,"Revathy, Hari Dhass, Aghonderan Sahadevan, Bala Ganapathi William",Drama,"Viar Ventures
Tamil-language film",,2014,231
Curse of Spirits,M. Subash Abdullah,"Desmond Chan, Amethyst Leong",Horror / Comedy,"Genius Parade
Mandarin-, Cantonese-language film",,2014,232
Hungry Ghost Ritual,Nick Cheung,"Nick Cheung, Annie Liu, Carrie Ng, Cathryn Lee, Lam Wai",Horror / Family / Mystery,Asia Tropical Films Cantonese-language film,,2014,233
Mat Tudung,Wan Mohd Hafiz Wan Hussein,"Fizz Fairuz, Nelydia Senrose, Izzue Islam, Harun Salim Bachik, Rosnah Mat Aris",Comedy / Romance,Showbiz Productions,,2014,234
Tembus,Ahmad Idham,"Aaron Aziz, Luna Maya, Fazura, Khir Rahman, Eizlan Yusof, Mia Sara Nasuha",Thriller / Crime / Family,Excellent Pictures,,2014,235
Adnan Sempit Sawadikap,Ismail Bob Hasim,"Shaheizy Sam, Intan Ladyana, Along Raja Lawak, Yana Samsudin",Comedy,"MIG Pictures
Preceded by Adnan Sempit (2010), Adnan Sempit 2 (2012) and Adnan Sempit 3 (2013)",,2014,236
Maindhan,C. Kumaresan,"C. Kumaresan, Shaila Nair, Punnagai Poo Gheetha, Rabbit Mac",Action / Drama / Comedy,"Astro Shaw
Tamil-language film",,2014,237
Kawan Aku Mati Dalam Rumah Sewa,Hashim Rejab,"Fad Bocey, Abam Bocey, Achey Bocey, Epy Raja Lawak, Yassin",Comedy / Horror,Mangkin Prestij,,2014,238
Jin,Pierre Andre,"Zul Ariffin, Mon Ryanti, Harun Salim Bachik",Horror,3Line Media,,2014,239
Mamak Cupcake,Woo Ming Jin,"Shaheizy Sam, Siti Saleha, Azad Jasmin, Faizal Ismail, Maria Farida, Natasha Hudson",Comedy / Drama / Family,Primeworks Studios / Grand Brilliance,,2014,240
Ribbit,Mamat Khalid,"Johan Raja Lawak, Awie, Izzue Islam, Elfira Loy, Aznil Nawawi, Sean Astin, Tim Curry, Russell Peters, Cherami Leigh",Adventure / Animation,KRU International English & Malay-language film,,2014,241
The Gathering,Bingo Chang,"Chen Zeyao, Guo Xiaodong, Zhou Zhou, Huang Zhongkun, Fang Jiwei, Zhuhao Ren, Chen Wei Quan, Hank Yip, Zheng Wei Yin",Drama / Family / Romance,"Benison Picture
Mandarin-language film",,2014,242
Lagenda Budak Setan 3: Kasyah,Sharad Sharan,"Farid Kamil, Lisa Surihani, Maya Karin, Bront Palarae, Ayu Raudhah, Iqram Dinzly",Drama / Romance,"Astro Shaw
Preceded by Lagenda Budak Setan (2010) and Lagenda Budak Setan II: Katerina (2012)",,2014,243
Fantasia,Jason Kok,"Yise Loo, Teddy Chin, Cathryn Lee, Koe Yeet, Billy Ng, Aenie Wong, Jeffrey Cheng, Dennis Lau",Comedy / Fantasy / Romance,"Juita Entertainment
Mandarin-language film",,2014,244
Nasi Tangas (Nasi Kangkang),Hashim Rejab,"Adibah Yunus, Azwan Kombos, Shima Anuar, Delimawati, Herman Tino, Along Eyzendy",Thriller / Horror,MIG Pictures,,2014,245
Amir & Loqman Pergi ke Laut,Mamat Khalid,"Syuk Balas, Shuib Sepahtu, Sofi Jikan, Zarina Anjoulie, Dewa Sapri, Nadia Mustafar, Rashidi Ishak",Action / Comedy,Astro Shaw,,2014,246
Three Geniuses,P. K. Rhaj,"Gautham, Ghani, Grace, K. Bhagyaraj, Shashi Tharan, Don Prasna, Aghonderan, Sangeetha Krishnasamy, Jasveer Kaur, Kavitha, Mithiran, Sugumaran, Kreepasree",Action / Comedy / Science fiction,"On Track Animation
Tamil- and Malay-language film",,2014,247
Dollah Super Star,Kabir Bhatia,"Awie, Sharnaaz Ahmad, Neelofa, Fizz Fairuz, Aziz M. Osman, Lan Pet Pet",Comedy / Action,Filmscape,,2014,248
Glorifying Love,Lai Kim Koon,"Emily Chan, Lawrence Wong, Adrian Tan, Josh Lai, Tommy Kuan",Romance,"MIG Pictures
Mandarin-language film",,2014,249
Kaithiyin Agarathi,Seenu,"Aghonderan Sahadevan, Gantiban Ben",Action / Drama,"Anjana Film Productions
Tamil-language film",,2014,250
Seventh,Ryon Lee,"Gino Chai, Mindee Ong, Teddy Chin, Kim Thian, Guan Zi Jun, George Ng, Ye Qing Fang, Pearlly Chua, Risa Chong, Mayjune, Ernest Chong",Thriller / Horror,"SKT Studios
Mandarin-language film",,2014,251
Mistik Syirik Tahyul,M. Subash Abdullah,"Mak Jah, Sura Sojangi, Kalpana Sundraju, Naqia Nasution",Horror / Comedy / Drama,Genius Parade,,2014,252
Dendam Orang Mati,Jason Chong,"Lisa Surihani, Fizz Fairuz, Miera Leyana",Thriller / Horror,KRU Studios,,2014,253
Phuyal 18,M. Subash Abdullah,"M. Suurya, Prakash Gobal, Sivabaalan, Arivanath, Sivabalan, Sashi Teran ST, Bala Ganapathi William",Horror / Comedy / Drama / Action / Thriller,"Genius Parade
Tamil-language film",,2014,254
Anak Jantan,Faizal A. Rashid,"Farid Kamil, Bront Palarae, Nora Danish, Rahim Razali",Action / Drama,Primeworks Studios,,2014,255
The Cage,"Felix Tan, Kethsvin Chee","Yeo Yann Yann, Henley Hii, William San, Coby Chong, Adrian Tan, Berg Lee, Wayne Chai, Ernest Zhang, Kyo Chong, Lim Mei Fen, Freddie Wong",Action / Adventure / Thriller / Horror / Crime / Mystery,"Dreamteam Studio
Mandarin-language film",,2014,256
Kelibat,Hashim Rejab,"Fadlan Hazim, Atikah Suhaimie, Niezam Zaidi, Ellie Suriaty, Fauzi Nawawi",Horror,MIG Pictures,,2014,257
MTB: Misi Tawan Baby,Adam Hamdi,"Kamal Adli, Erin Malek, Cat Farish, Zulin Aziz, Fido Adhross, Zarina Zainoordin",Comedy / Romance,SPS Jaya,,2014,258
Victory,P. Rameesh,"Sasitharan, Kavitha Thiagarajan, Ben G, Ghana, Adam Corrie, Zack Taipan, G. Yamini, Jamaliah Jamaludin, Shaharudin Jamaludin, Mohd Hatta Mahmud, Lee Wen Yuen, C. Maalani, G. Theeban, Gana Pragasam",Action / Sport / Drama,"Rivala Production
Tamil-language film",,2014,259
Kaki Kitai,Azaromi Ghozali,"Shaheizy Sam, Fezrul Khan, Farid Kamil, Emily Chan, Adam Corrie, Along Eyzendy",Action / Comedy,MIG Pictures,,2014,260
Behind the Scene,Bryan Gao,"James Wong, Henry Thia, Wang Rou Lin, Chen Jun Jun",Horror,"Just Work Entertainment
Mandarin-language film",,2014,261
Mana Mau Lari,Abdul Razak Mohaideen,"Saiful Apek, Tauke Raja Lawak, Shuk Balas, Yassin, Ropie, Dira Abu Bakar",Adventure / Comedy,Tayangan Unggul,,2014,262
Lelaki Harapan Dunia,Liew Seng Tat,"Wan Hanafi Su, Harun Salim Bachik, Sofi Jikan, Jalil Hamid, Azhan Rani",Comedy / Drama,Everythings Film,,2014,263
Rentap,Simon Long,"Zahiril Adzim, Syafie Naswip, Elfira Loy",Action / Comedy / Drama,Double Vision,,2014,264
Gila Baby,Kabir Bhatia,"Beto Kusyairy, Nadiya Nisaa, Fimie Don, Sharnaaz Ahmad, Adlin Aman Ramlie, Jalil Hamid, Lan Pet Pet",Action / Comedy / Romance,Primeworks Studios,,2014,265
3 Brothers,Silver Yee,"Jack Lim, Alvin Chong, Jusztin, Jeff, Gan Mei Yan, Yumi Wong SK",Comedy,"The Film Engine
Mandarin-, Cantonese-language film",,2014,266
Manisnya Cinta di Cappadocia,Bernard Chauly,"Fazura, Shaheizy Sam, Faizal Hussein, Rafidah Abdullah, Lisa Surihani, Fauziah Ahmad Daud, Eja",Comedy / Romance / Drama / Family,Astro Shaw / Global Station / Red Films,,2014,267
Kasut Ku Kusut,Pierre Andre,"Shaheizy Sam, Pablo Amirul, Atikah Suhaimie, Along Eyzendy",Comedy,MIG Pictures,,2014,268
Ophilia,Raja Mukhriz Raja Ahmad Kamaruddin,"Pekin Ibrahim, Que Haidar, Kodi Rasheed",Action / Drama,SPS Jaya,,2014,269
Cerita Hantu Malaysia,Pierre Andre,"Kamal Adli, Leez Rosli, Kamarul Yusoff, Wan Ellyas, Mikail Andre",Horror,3 Line Media,,2014,270
Terbaik dari Langit,Nik Amir Mustapha,"Bront Palarae, Iedil Putra, Amerul Affendi, Megat Sharizal, Nadiya Nisaa, Sharifah Amani, Siti Saleha",Adventure / Comedy / Drama,Astro Shaw / Playground Production,,2014,271
Rumah Pusaka Di Simpang Jalan,Mamat Khalid,"Pekin Ibrahim, Bell Ngasri, Jihan Muse, Rab Khalid, Ahmad Maembong, Shuk Balas",Horror / Comedy / Family,Ariabella,,2015,272
Pinnokam,Hamen Kumar,"Hamen Kumar, Anu Ramamoorthy, Aghonderan Sahadevan II, Surenderaj Yuvaraj, Murali Raj, Shree, Jessie",Action / Romance,"D'Cinema
Tamil-language film",,2015,273
Romeo Kota: Kes Fail Kriptik,Aaron Aziz,"Aaron Aziz, Nabil Ahmad, Hanis Zalikha, Sofi Jikan, Fizo Omar, Wan Sharmila",Action / Comedy,Excellent Pictures,,2015,274
Villa Nabila,Syafiq Yusof,"Tisha Shamsir, Pekin Ibrahim, Hisyam Hamid",Horror,Skop Productions / Viper Studios,,2015,275
"Suamiku, Encik Perfect 10!",Feroz Kader,"Aaron Aziz, Lisa Surihani, Syazwan Zulkifli, Raja Ilya, Jasmin Hamid",Comedy / Drama / Family,Astro Shaw,,2015,276
Puaka Balai Gombak,Wan Mohd Hafiz Wan Hussein,"Hazwan As'ari, Shukri Mohd Tahir",Horror,Showbiz Productions,,2015,277
My Mr. Right,Yoko Chou,"Lin Mei-Hsiu, Tou Chung-Hua, Chen Wei-Min, Amber Chia, Wilson Tan",Comedy / Romance,"Shining Production
Mandarin-language film",,2015,278
Bangunan,Khir Rahman,"Khir Rahman, Aqasha, Sein Qudsi, Amir Musa, Wan Shahidi, Yusran Hashim",Horror,Excellent Pictures,,2015,279
The Dream Boyz,Ryon Lee,"Alvin Chong, Eric Lin, Fuying, Sam, Rayz Lim, Teddy Chin",Comedy / Drama / Romance,"Shining Production
Mandarin-language film",,2015,280
Gudang Kubur,Eyra Rahman,"Faizal Hussein, Nora Danish, Atikah Suhaimie, Nizam Zaidi, Epy Kodiang",Horror,Mangkin Prestij,,2015,281
My Papa Rich,Ryon Lee,"Wang Lei, Jack Neo, Teddy Chin, Mindee Ong",Comedy,"Film Kingdom Group
Mandarin-language film",,2015,282
Coverina,Khalid Nadzri,"Pekin Ibrahim, Siti Elizad, Cat Farish",Action,SPS Jaya,,2015,283
Kungfu Taboo,Euho,"Kara Wai, Henry Thia, Frederick Lee, Miau Miau, January So",Comedy,"Asia Tropical Films
Mandarin-language film",,2015,284
Sunti @ Facebook,James Lee,"Izzue Islam, Fouziah Gous, Lufya Omar, Jenny Cotez, Syazwan Zulkifli, Anas Mentor, Diddy Hirdy, Arief Farhan",Horror,Nusantara Seni Karya,,2015,285
Kepong Gangster 2,Teng Bee,"Henley Hii, Billy Ng, Crystal Lee, Agnes Lim, Danny One, Eric Lin",Action / Crime / Drama,"Mahu Pictures
Mandarin-language film",,2015,286
Usop Wilcha dalam Werewolf dari Bangladesh,Mamat Khalid,"Zizan Razak, Emma Maembong, Usop Wilcha, Saiful Apek, Rab Khalid",Horror / Action / Comedy,"Ariabella
A spin-off the Kampung Pisang franchise",,2015,287
Zombies vs The Lucky Exorcist,Jaguar Lim,"Alvin Wong, Lai Meng, Henry Thia, Hidy Yu, Jaguar Lim",Comedy / Drama,"Jaguar Lim Films
Mandarin-language film",,2015,288
Cicak Man 3,Yusry Abdul Halim,"Zizan Razak, Lisa Surihani, Fizz Fairuz, Bell Ngasri, Yus Jambu, Adam Corrie",Action / Comedy,"KRU Studios
Preceded by Cicak Man (2006) and Cicak Man 2: Planet Hitam (2008)",,2015,289
Isyarat Cinta,Badaruddin Azmi,"Liyana Jasmay, Adi Putra, Fizo Omar",Romance,Suhan Movies,,2015,290
Jengka,Aziz M. Osman,"Riezman Khuzaimi, Ramona Zam Zam, Raja Azrey",Horror,Ace Motion Pictures,,2015,291
Hantu Bungkus Ikat Tepi,Hashim Rejab,"Tauke Jambu, Yus Jambu, Abam Bocey, Nora Danish, Farid Kamil, Zalif Sidek, Pablo Amirul",Horror / Comedy,MIG Pictures,,2015,292
Abang Lejen,Azaromi Ghozali,"Farid Kamil, Fadlan Hazim, Intan Ladyana, Adibah Yunus, Hamid Gurkha, Along Eyzendy",Action,Mangkin Prestij,,2015,293
Agileswari,Roy Krishnan,"Jeeva Uthaya, Vikneswary",Horror / Crime,"RM Vision Film Production
Tamil-language film",,2015,294
Selfie Suara Kubur,M. Subash Abdullah,"Mak Jah, Kay Shan, Aiza, Sue, Adie Black",Horror / Crime / Drama,Genius Parade,,2015,295
Avana Nee,Logaruban Loganathan,"Logaruban Loganathan, Vithya Perumal, Ashwin Kaur, Rai Jacintha, Krishnamurthy Rameshwara, Sures Kumar@VSK Thinaharan, Nilasyah Rebecca. Guna, Sara Roshan, Tashmaishree",Comedy,"D'Cinema
Tamil-language film",,2015,296
Pilot Cafe,Osman Ali,"Fahrin Ahmad, Izara Aishah, Neelofa, Remy Ishak, Keith Foo, Eizlan Yusof, Dian P. Ramlee, Rosnah Johari, Zaidi Omar, Hafizzudin Fadzi",Drama / Romance,Astro Shaw / Tarantela Pictures,,2015,297
Road of Enlightenment,Lai Kim Moon,"Michael Liew, Crystal Ong, Darren Tung, Wilson Tin, Brendan Yuen",Crime / Drama,"Cao Min Pictures
Mandarin-language film",,2015,298
Jalan Puncak Alam,Dharma Aizat,"Azwan Kombos, Epy Kodiang, Shafiez, Nizam Zaidi",Horror,Mangkin Prestij,,2015,299
KID,Praboo Ariva,"Jarrel Yeo, Shashi Anbah, Arun Chandran, Sarankumar, Kesavan Krishnamurthi",Crime,"Fenomena Seni Produksi
Tamil-language film",,2015,300
Suami Aku Ustaz,Ghaz Abu Bakar,"Adi Putra, Nora Danish, Izzue Islam, Betty Rahmat",Drama / Romance,Karyaseni Production,,2015,301
Jendela,M. Subash Abdullah,Ruminah Sidek,Family / Mystery,Genius Parade,,2015,302
Dia,"M. Jamil, Rizal Halim","M. Jamil, Mayumi Kasuga, Sofea Shaheera, Zamil Sadiq, Amirulshah Rozali",Horror / Mystery,Galaksi Seni,,2015,303
Oh! La La,Abdul Rahman Sallehuddin,"Syed Atiq, Nur Nazliah, Mohd Juhan",Animation / Musical,Infinite Motion,,2015,304
Gamatisme,Yeop Hitler,"Syazwan Zulkifli, Nabila Huda, Adeline Tsen",Horror,Pencil Pictures,,2015,305
Wira Wah,"Lee Lik-Chi, Brando Lee","Auguste Kwan, Mimi Chu, Crystal Lee, Dato' Lai Meng, Cathryn Lee, Michael Tong",Comedy,"12 B
Mandarin-language film",,2015,306
Darah Panas,Arjinder Singh,"Sharnaaz Ahmad, Sofi Jikan, Nur Fathia, Adam Corrie, Jalaluddin Hassan",Action / Romance,White Merpati Entertainment,,2015,307
Love Endures,Jovi Theng,"Liu Kai Chi, Emily Kong, Jovi Theng",Family / Romance,"Kingdom Works
Mandarin-language film",,2015,308
Papa's Shoe,M. Subash Abdullah,Veron Lin,Drama / Family,"Genius Parade
Mandarin-language film",,2015,309
Hold Me Tight,Ivy Too,"Remon Lim, Jazz Bai Lin, Yap Chin Fong, Wong Kam Tat",Drama,"Mahligai Masyhur
Mandarin-language film",,2015,310
Vere Vazhi Ille,M. S. Prem Nath,"Denes Kumar, Jasmine Micheal, Kristina Vinokree",Horror / Comedy,"Veedu Production
Tamil-language film",,2015,311
Courage to Dream,David Liew,"Koo Seow Choo, Lee Kwai Ying, Lee Yuen Yee, Wong Ker Fong",Family / Romance,"Mahligai Masyhur
Mandarin-language film",,2015,312
Suamiku Jatuh dari Langit,Eyra Rahman,"Qi Razali, Nora Danish, Shuk SYJ, Atikah Suhaimie",Comedy,MIG Pictures,,2015,313
Gangsterock: Kasi Sengat,Sofi Jikan,"Saiful Apek, Sofi Jikan, Izara Aishah, Aqasha, Khir Rahman, Sharifah Amani, Julia Ziegler, Syafie Naswip",Action / Drama,YKS Film Maker,,2015,314
CCTV,Daven R.,"Aeril Zafrel, Hasnul Rahmat, Ardel Aryana, Jeff Omar",Horror,Cinemaya Studios,,2015,315
"Ciliwung, Gudnite",Dede Ferdinan,"Maria Farida, Dewi Amanda, Rya Nightingale, Ferly Putra",Horror / Drama / Romance,Sheunik,,2015,316
Nota,Yasu Tanaka,"Hans Isaac, Maya Karin, Ramli Hassan, Rin Izzumi",Crime / Drama / Mystery,42nd Pictures,,2015,317
Misi Rayyan dan Danish: Jangan Ambil Rumah Kami,Azaromi Ghozali,"Intan Ladyana, Azwan Kombos, Hanif Safuan, Sharisa Haris",Comedy,Mangkin Prestij,,2015,318
The Noise,Adrian Teh,"Adrian Teh, Lenna Lim, Phoebe Huang",Mystery / Romance,"Asia Tropical Films
Mandarin-language film",,2015,319
Jejak Warriors,Saw Teong Hin,"Pekin Ibrahim, Nadiya Nisaa, Alif Firdaus, Harun Salim Bachik, Fauziah Ahmad Daud, Bell Ngasri, Sabri Yunus, Khairul Fahmi Che Mat, Amir Raja Lawak, Shuk SYJ",Family,U2 Media,,2015,320
Usop Wilcha: Menghonjang Makhluk Muzium,Mamat Khalid,"Usop Wilcha, Elizabeth Tan, Nasir Bilal Khan, Namron, Hitler Zami, Kamarol Yusof",Horror / Comedy / Fantasy,Mounting Board Productions,,2015,321
Bravo 5,Yeop Hitler Zami & Fauzi Nawawi,"Beto Kusyairy, Remy Ishak, Shashi Tharan, Xavier Fong, Frank Peterson, Sofi Jikan, Hattan, Fizz Fairuz, Zul Huzaimy, Kamal Adli, Adam Corrie",Action,Karya Firma Production,,2015,322
Tortured Souls,M. Subash Abdullah,"Yuki, Edmond, Francis Chong",Family / Mystery,"Dream Pix Media
Mandarin-language film",,2015,323
Kapsul,Martias Ali,"Faizal Hussein, Rahim Razali, Kamarul Hassan, Adlin Aman Ramlie, Joey Daud, Jue Aziz, Haerianto Hassan, Harun Salim Bachik, Ahmad Tarmimi Siregar, Adam Corrie",Fiction,Two Tones,,2015,324
Polis Evo,Ghaz Abu Bakar,"Shaheizy Sam, Zizan Razak, Nora Danish, Mimie Ernida, Wan Hanafi Su, Pablo Amirul, Amerul Affendy, Harun Salim Bachik",Action / Comedy / Crime,Astro Shaw,,2015,325
Girlfriend Kontrak,Virginia Kennedy,"Keith Foo, Nur Risteena, Azad Jazmin, Bront Palarae, Fara Fauzana",Drama / Romance,Primeworks Studios,,2015,326
Jwanita,Osman Ali,"Maya Karin, Bront Palarae, Cristina Suzanne Stockstill, Marsha Milan Londoh, Umie Aida",Horror,Nuansa,,2015,327
Pontianak Menangis,Ismail Jejaka,"Rahim R2, Yassin, Hamdan Senario",Horror,Heart N Soul,,2015,328
Rembat,Shamly Othman,"Shaheizy Sam, Aniu, Zizan Razak, Zara Zya, Sam Chong, Arja Lee",Action / Comedy,Marna Films Grand Brilliance Red Films,,2015,329
Maravan,SD Puvanendran,"Kumaresh, Haridass, Denes Kumar, Kavitha Thiagarajan, Logan, Seelan, Pushpa Narayan, Sangeeta Krishnasamy",Action / Drama / Family / Thriller,"Golden Peacock Film Production 
Tamil languane movie",,2015,330
Badi,Eyra Rahman,"Adibah Yunus, Azwan Kombos, Rashidah Jaafar",Horror,MIG Pictures,,2015,331
Death Trip,Billy Tang,"Victor Wong, Zeng Yong Xing, Chan Chee Hong",Horror / Crime / Mystery,"Asia Tropical Films
Mandarin-language film",,2015,332
"Love, Supermoon",Wan Hasliza,"Nadiya Nisaa, Farid Kamil, Rita Rudaini, Anne Ngasri, Fizz Fairuz, Zain Saidin",Comedy / Drama,Grand Brilliance,,2015,333
Muthukumar Wanted,M. Pathmanaban,"Sarran SK, Nazira Ibrahim, Haridass, Robo Shankar",Romance / Action,"MERP Film Factory
Tamil-language film",,2015,334
Juvana 2: Terperangkap Dalam Kebebasan,Faisal Ishak,"Johan As'ari, Zahiril Adzim, Shera Aiyob, Pekin Ibrahim, Hasnul Rahmat",Action,"Filmscape
Preceded by Juvana (2013)",,2015,335
Iravan,Kash Villanz,"Kash Villanz, K.S Maniam, Darkkey, Devika Raghavakrishnan, Maney Villanz",Action / Family / Romance / Musical,DVA Film Productions,,2015,336
Mirip,Jokin,"Fezrul Khan, Ezzaty Abdullah, Reen Rahim",Musical / Romance / Thriller,Green Screen Production,,2015,337
Biasan,Sandosh Kesavan,"Mas Khan, Lana Nordin, Jalaluddin Hassan, Emma Akan",Romance,Janu Talkies,,2015,338
Find My Dad,Euho,"Victor Wong, Jeanette Aw, Ha Yu, Mini Bin",Drama / Family / Romance,Asia Tropical Films,,2015,339
Ada Apa Dekat Bus Stop,Ikhzal Azfarel Ideris,"Abam Bocey, Tauke Jambu, Leez AF, Meor Oh Chentaku, Airis Yasmin, Kazar, Zaibo, Erwan Razak",Comedy,Katak Hijau Entertainment,,2015,340
Banglo Berkunci,Dharma Aizat,"Nur Fathiah Diaz, Adibah Yunus, Fadlan Hazim, Sheikh Zulhamy Reza, Intan Ladyana",Horror,Mangkin Prestij,,2015,341
Sinaran,Osman Ali,"Lisa Surihani, Evan Sanders, Izara Aishah, Syarif Sleeq, Nadiah M.Din, Sheila Majid",Musical,Nuansa-Shooting Gallery Asia-Sinaran Pictures co-production,,2015,342
Chowrasta,Abdul Razak Mohaideen,"Cheem Ammar, Nora Danish, Rosyam Nor, Fauzi Nawawi",Romance / Action / Comedy / Drama,Nation Film Studio,,2015,343
Paint My Love,Jen B,"Sam, Fuying, Ribbon Ooi, Eric Lin",Drama,"Mahu Pictures
Mandarin-language film",,2015,344
Keranda Tok Wan Terbang,Hashim Rejab,"Yassin Yahya, Rahim R2, Shuk SYJ, Shima Anuar, Mak Jah, Epy Kodiang",Horror / Comedy,MIG Pictures,,2015,345
Who's Your Daddy,Boris Boo,"Tedd Chan, Luke Lok, Jeanna Ho Pui Yu, Chelsia Ng",Comedy / Drama / Family,"Double Vision
Mandarin-language film",,2015,346
Nanchathiran,,,Drama / Family,"Dream Pix Media
Tamil-language film",,2015,347
Jagat,Shanjhey Kumar Perumal,"Jibrail Rajhula, Harvind Raj, Kuben Mahadevan, Aahmuu Thirunyanam",Action / Crime / Drama,"Skyzen
Tamil-language film",,2015,348
Mat Moto,Ahmad Idham,"Niezam Zaidi, Shenthy Feliziana, Along Eyzendy, Qaralyana",Action / Comedy,SPSI Jaya,,2015,349
Isteri untuk Dijual,Eyra Rahman,"Kamal Adli, Nora Danish, Azwan Kombos",Romance,Mangkin Prestij,,2015,350
Apartment,Pierre Andre,"Kamal Adli, Naqia Nasution, Bil Azali",Horror,Rainfilm,,2015,351
Langit Cinta,Osman Ali,"Fazura, Keith Foo, Farid Kamil, Siti Saleha, Jalaluddin Hassan, Fauziah Ahmad Daud",Drama / Family / Romance,Astro Shaw-Nuansa co-production,,2016,352
Mat Moto: Kami Mat Moto Bukan Mat Rempit,Pekin Ibrahim & Syafiq Yusof,"Pekin Ibrahim, Felisha Grossley, Zul Huzaimy, Cat Farish, Syamsul Yusof, Shaheizy Sam, Faizal Hussein, Kamarol Yusoff",Drama / Romance,Skop Productions-Viper Studios co-production,,2016,353
Kastil Tua,Sabree Fadzil & Chiska Doppert,"Samantha Katie, Ajun Perwira, Josiah Hogan, Kimberly Ryder, Alina Saraswati",Horror / Adventure / Drama / Historical / Mystery,"Fimtab Unik-Capitol Entertainment co-production
Films set at Kellie's Castle
Indonesian-language film",,2016,354
Ola Bola,Chiu Keng Guan,"Chee Jun Cherng, Muhd Luqman Hafidz, Mohamad Taufiq, Saran Kumar, Marianne Tan, Katrina Ho, Bront Palarae, Frankie Lee",Drama / Sports,"Astro Shaw-GSC-Multimedia Entertainment co-production
Malay-, English-, Mandarin- and Tamil-language film",,2016,355
Pelepas Saka,Hashim Rejab,"Hanif Safuan, Hafiz Bahari, Lydia Izati, Esma Daniel, Fauzi Nawawi",Horror,Mangkin Prestij,,2016,356
Special Forces,Michael Chuah,"Frankie Lee, KK Wong, Michael Chuah, Brendan Yuen",Action / Comedy,"Evo Pictures
Mandarin-language film",,2016,357
Let's Eat,Chapman To,"Chapman To, Aimee Chan, C-Kwan, Lo Hoi-pang",Comedy,"Asia Tropical Films-Clover Films co-production
Cantonese-language film
Malaysia-Singapore co-production",,2016,358
Huat The Fish,Silver Yee Teik Yin & Chieng Hein Onn,"Jack Lim, Jeff Chin, Juztin Lan, Alvin Chong, Wan Wai Fun, Bernard Hiew, Gan Mei Yan",Comedy / Drama / Family,"The Film Engine
Cantonese-language film",,2016,359
Girl's Generation,"Aniu, Teddy Chin & Zhao Yu","Owodog, JC Chee, Royi, Yumi Wong SK, Keqing, Emily Kong",Comedy / Musical,"One Borneo Film Productions
Mandarin-language film",,2016,360
Munafik,Syamsul Yusof,"Syamsul Yusof, Nabila Huda, Sabrina Ali, Pekin Ibrahim, Fizz Fairuz",Horror,Skop Productions,,2016,361
BoBoiBoy: The Movie,Nizam Razak,"Nur Fathiah Diaz, Nur Sarah Alisya, Yap Ee Jean, Dzubir Mohamed Zakaria, Wong Wai Kay, Mohd Fathi Diaz, Azman Zulkiply, Mohd Hafiz Ashraf, Anas Abdul Aziz",Action / Animation,Animonsta Studios,,2016,362
Ais Kosong,Manan Subra,"Alvin Martin, Sasikumar, Anu Ramamoorthy, Sangabalan, Shamini Ramasamy, Kristina Vinokree, Nanthakumar, Pradeep Singh, Sivakumar",Adventure / Comedy,"MS Digital Studio
Tamil-language film",,2016,363
The Kid from the Big Apple,Jess Teong,"Tommy Tam, Tan Qin Lin, Jason Tan",Drama / Family,"Three Production
Mandarin-language film",,2016,364
Usin UFO,Zul Yahya,"Shuib Sepahtu, Puteri Sarah Liyana, Liza Abdullah, Aisyah Ilias",Comedy / Fantasy / Science fiction,Cahaya DJ Pictures,,2016,365
It's The Moment Yang Arif,S. T. Bala,"Ross Hassan, Suriana Abdul Wahab (Keena Mentor), Jacob Rabindranath, K. Balakumaran",Crime / Thriller,"Fenomena Seni Produksi
English-, Malay- and Tamil-language film",,2016,366
Kipidapp! Selamatkan Hari Jadi,Eyra Rahman,"Rani Kulup, Atikah Suhaimie, Hafreez Adam, Aizat Hassan, Kartina Aziz",Comedy,MIG Pictures,,2016,367
Warna Cinta Impian,N. S. Krishna,"Erwin Dawson, Awie, Erra Fazira, Azlee Khairi, Nazeera Sardi, Fad Bocey, Shiqin Kamal",Romance,TouchTronics Entertainment,,2016,368
Showdown The Movie,Khairil M. Bahar,"Reza Hasbi, Izara Aishah, Iedil Putra, Azad Jasmin, Maria Farida",Dance / Drama,Grand Brilliance-Lightbulb Pictures co-production,,2016,369
Redha,Tunku Mona Riza,"Namron, June Lojong, Harith Haziq, Izzy Reef, Nadiya Nisaa, Remy Ishak, Ruminah Sidek, Susan Lankester",Drama / Family,"Current Pictures
Film about autism",,2016,370
Lu Mafia Gua Gangster,Roy,"Shafiq Razlan, Kumpulan Zero, Jalaluddin Hassan, Zack Taipan, Along Azendy, Saiful Apek, Zul Arifin, Zaibo, Syanie",Comedy / Action / Crime / Romance,Red Fires Film Production,,2016,371
Perjanjian Syaitan,M. Subash Abdullah,"Ahmad Tarmimi Siregar, Imuda, Mak Jah",Horror / Drama / Mystery,RK Vision-Yusari Film,,2016,372
Harmonika,Raja Mukhriz Raja Ahmad Kamaruddin,"Elizad Sharifuddin, Ahya Rosli, Normah Damanhuri, Nurul Fateha, Aini Batrisya, Jonathan Putra, Riezman Khuzaimi, Taznisa J",Horror / Mystery,SPS Jaya,,2016,373
Judi-Judi King Boss,Julian Cheah,"Julian Cheah, Gana, Zhi Qian, Syalmizi Hamid, Syarmila Rastam, Sean Ho, Al Chan, Peter Jackson, Franciscus Nithya, Murali Ramakrishnan, Clovis Chew, Narvinderjit Singh, Tasvinder Sandher, Kash Rhal, Angel Ong, Sugeindhiran Sagotharan, Jude Jasvin Joseph, Remy Ismail, Ismail Ishak, Wesley Yeoh",Comedy,"Julian Cheah Pictures
English / Malay / Mandarin / Tamil / Hokkien / Punjabi-language film",,2016,374
Cendol: Kepada Allah Aku Berserah,M. Subash Abdullah,"Maarof, Farwizah, Zack Idris",Drama,RK Vision-Yusari Film,,2016,375
My Stupid Boss,Upi Avianto,"Reza Rahadian, Bunga Citra Lestari, Alex Abbad, Chew Kinwah, Bront Palarae, Atikah Suhaimie, Iskandar Zulkarnain",Comedy,Skop Production,,2016,376
Old Town Story,Lai Kim Koon,"Alan Chung, Peter Chan, Andy Khor, Iky Loke, Brendan Yuen, Johannes Koo, Namewee, Chee Cheng Hoe",Drama / Family,"Cao Min Pictures
Mandarin / Cantonese-language film",,2016,377
Mayangaathey,C. Kumaresan,C. Kumaresan / Shaila Nair,Comedy / Horror,"TouchTronics Entertainment
Tamil-language film",,2016,378
Anak Mami Nasi Kandaq,Abdul Razak Mohaideen,"Qi Razali, Fasha Sandha, Nur Risteena, Ezzaty Abdullah, Maria Farida, Azmir RL, Chik Pak Man Telo, Sheila Mambo",Comedy,FiTA Studios-UiTM co-production,,2016,379
Zack Kapcai,Rosli Mohd Taib,"Fad Bocey, Rahim Sepahtu, Shuk SYJ, Julia Marin",Comedy / Action,Metrowealth,,2016,380
Dukun Doktor Dani,Sabri Yunus,"Taufik Batisah, Fasha Sandha, Raysha Rizrose, Amerul Affendi, Khatijah Tan",Comedy / Drama,Astro Shaw,,2016,381
Kampung Drift,Nevin Hiong,"Syafie Naswip, Pekin Ibrahim, Pablo Amirul, Fatin Afeefa Arian, Zalfa Zain, Chen Sin Foo, Puovin Sandera, Syazwan Yunos, Jazli Hassan",Action / Drama,Mico Studio-Empire Film Solution co-production,,2016,382
Temuan Takdir,Dhyan Vimal,"Zahim Albakri, Ery Zukhairi, Azura Zainal, Vanida Imran, Amai Kamarudin, Thanuja Ananthan",Crime / Thriller,Zazen Production-Empire Film Solution co-production,,2016,383
Chinese Ghost Story,Wong Tak Fung,"Jeff Chin, Bernard Hiew, Juztin Lan, Emely Poon",Comedy / Horror,Redribbon Experiences,,2016,384
Mawar Putih,Rosnani Jamil,"Reen Rahim, Arja Lee, Triestan Aprilian, Cinta Dewi, Adli Eddynor",Drama / Romance,Manja Citra,,2016,385
Pekak,Mohd Khairul Azri Md Noor,"Zahiril Adzim, Sharifah Amani, Iedil Putra, Sharifah Sakinah, Amerul Affendi, Zaidi Omar",Drama,Grand Brilliance-Lightbulb Pictures co-production,,2016,386
Radhi Rudy bin Dadu,Arjin Uppal,"Sofi Jikan, Puteri Sarah, Taiyudin Bakar, Ezzaty Abdullah, Usop Wilcha, Khatijah Tan, Aziz Sattar, Adam Corrie",Action / Comedy,White Merpati Entertainment,,2016,387
Aliff Dalam 7 Dimensi,Faisal Ishak,"Juliana Evans, Izzue Islam, Alif Satar, Kaka Azraff",Action / Horror,Astro Shaw,,2016,388
Muluk dan Konco,Abdul Razak Mohaideen,"Azhari Zain, Saiful Apek, Yassin, Jalil Hamid, Sarah Hilderbrand",Comedy,FiTA Studios-UiTM co-production,,2016,389
Volkswagen Kuning,Shadan Hashim,"Pekin Ibrahim, Atikah Suhaimie",Horror,MIG Productions,,2016,390
Geethaiyin Raadhi,Shalini Muthusamy,"K. Karnan G Crak, Shalini Balasundaram, Vicran Elanggoven",Comedy,Vikadakavi,,2016,391
Juvana 3: Perhitungan Terakhir,Faisal Ishak,"Zahiril Adzim, Johan Asari, Adam Shahz, Hasnul Rahmat, Pekin Ibrahim",Action / Drama,"Empire Film Solution
Preceded by Juvana (2013) and Juvana 2: Terperangkap Dalam Kebebasan (2015)",,2016,392
Mat Moto Otai,Ahmad Idham,"Eizlan Yusof, Ahmad Idham, Opie Zami, Cat Farish",Comedy / Action,AIFA Motion Pictures,,2016,393
Kecoh! Primadona Kena Hantu,Pierre Andre,"Kamal Adli, Kamarul Yusoff, Khatijah Tan, Abam, Amir Raja Lawak",Horror / Comedy,Rainfilm,,2016,394
Rock Bro!,Mamat Khalid,"Khir Rahman, Hasnul Rahmat, Pekin Ibrahim, Kaka Azraff, Sofi Jikan, Azmi Black, Amy Juliet",Comedy / Drama,Primeworks Studios,,2016,395
Hanyut,U-Wei Haji Saari,"Peter O'Brien, Reeuben Alvin, Diana Danielle, Sofia Jane, Ady Putra, Alex Komang",Period Drama,Gambar Tanah Licin,,2016,396
Upin & Ipin Jeng Jeng Jeng!,Ainon Ariff & Erma Fatima,"Awie, Puteri Balqis, Remy Ishak, Sara Ali",Animation / Comedy,Les' Copaque-KRU Studios co-production,,2016,397
Interchange,Dain Iskandar Said,"Iedil Putra, Shaheizy Sam, Nicholas Saputra, Prisia Nasution, Nadiya Nissa, Alvin Wong, Chew Kin Wah",Fantasy / Thriller,Apparat-Primeworks co-production,,2016,398
Desolasi,Syafiq Yusof,"Syamsul Yusof, Bella Dally, Pekin Ibrahim, Jalaluddin Hassan",Science Fiction,Skop Productions,,2016,399
Bo-Peng,Helmi Yusof,"Nabil Ahmad, Johan As'ari, Zulin Aziz, Fauzi Nawawi, Soffi Jikan",Comedy,Pencil Pictures and Records,,2016,400
Happy Birth Death,Don Hoe,"Yana Samsudin, Jean Tan, Qian Kung, Yang BaoBei, Kean Chin",Horror,Full Billion Entertainment,,2016,401
Dorm Melati,Eyra Rahman,"Aedy Ashraf, Nadia Aqilah, Aizat Hassan, Ardell Aryana",Horror,MIG Pictures,,2017,402
Aku Bukan Spy,Danial Rifki,"Hamish Daud, Siti Saleha, Ray Sahetapy, Keith Foo, Shafira Umm, Nasha Aziz",Action / Romance,Sheunik,,2017,403
Love From Kampung,Silver Yee,"Jack Lim, Jeff Chin, Emily Chan, January So",Comedy / Drama,"MIG Pictures
Cantonese-language film",,2017,404
New Year Wish,Lee Sai Yew,"Sanny Lee, Debbie Loo, Michael Lieu",Drama / Family / Romance,"Hooray Movies
Mandarin-language film",,2017,405
Aku Haus Darah Mu,Aidilfitri Mohd Yunus,"Nad Zainal, Deanna Yusoff, Farhanna Qismina, Zoey Rahman",Horror,Tsar Asia,,2017,406
Money Money Home,Bryan Gao,"Lai Meng, Henry Thia, Jovi Theng, Chen Puie Heng",Comedy / Family,"Idea Entertainment
Mandarin-language film",,2017,407
I Am Lee Kah Seng,Benison Yong Keak Jya,"Steve Yap, Regine Tan, Marcus Yong",Comedy / Drama,"Benison Pictures
Cantonese-language film",,2017,408
Soulmate Hingga Jannah,Abdul Razak Mohaideen,"Taufik Batisah, Erra Fazira, Raja Ilya, Douglas Lim, Reen Rahim",Comedy / Romance,FiTA Studios,,2017,409
Pak Pong,Fauzi Nawawi,"Hairul Azreen, Siti Saleha, Badrul, Fauzi Nawawi, Eizlan Yusof",Drama / Fantasy,9 Country Creativity production,,2017,410
J Revolusi,Mohd Zulkarnain Mohd Azhar,"Zul Ariffin, Izara Aishah, Nur Fazura, Farid Kamil, Azad Jasmin, Iedil Putra",Action / Drama,Infinitus Productions-Primeworks Studios co-production,,2017,411
Henry of Malacca: A Malay and Magellan,Pedro Palma,"Aryan Farhan, Victor Gonçalves, Miguel Damião, João Vieira Pinto, Anísio Franco",Documentary,Yayasan DMDI,,2017,412
Adiwira Ku,Eric Ong,"Sangeeta Krishnasamy, Xavier Fong, Wan Azlyn, Farra Safwan, Ahmad Adnin Zidane, Irdina Tasmin, Balqis Sani, Rizal Fahmi",Drama,Filmmecca Studio,,2017,413
Kanang Anak Langkau: The Iban Warrior,Badaruddin Azmi,"Langgi Kanang, Adi Putra, Johan As'ari",Military / Action,"Tangan Seni-K3X Production co-production
Malay- and Iban-language film",,2017,414
Therapist,Don Hoe & Bryan Gao,"Jean Tan, Chai Cheng Sheong, Marcus Chang, Chen Puie Heng, Momoko Fern, Shaun Chen, Feon Lai",Horror / Thriller,"Full Billion Entertainment
Mandarin-language film",,2017,415
Cerita-Cerita Didi And Friends,Sinan Ismail,"Nur Insyeerah, Muntazar Ghufran, Adam Muqri, Alia Safira",Animation,TGV Pictures,,2017,416
Goodbye Mr. Loser,Adrian Teh Kean Kok,"Ian Fang, Mei Sim, Anjoe Koh, Phoebe Huang, Jack Lim, Jack Yap",Comedy,"Asia Tropical
Mandarin-language film",,2017,417
Kimchi Untuk Awak,Michael Ang,"Aiman Hakim, Emma Maembong, Janna Nick, Sharifah Sakinah, Ungku Haris, Natasha Elyzza, Dira Abu Zahar",Comedy / Romance,Astro Shaw-Dark Wave Pictures co-production,,2017,418
Sindiket,Badaruddin Azmi,"Sharnaaz Ahmad, Liyana Jasmay, Sharifah Amani, Daphne Iking, Rashidi Ishak, Soo Wincci, Tony Eusoff",Action / Crime,Loyal Studios,,2017,419
Hospital,Azaromi Ghazali,"Fatin Afeefa, Shima Anuar, Nina Iskandar, Fizz Fairuz",Horror / Thriller,MIG Pictures,,2017,420
Kamar Seksa,M. Suurya,"Sazzy Falak, Noorkhiriah, Ieda Moin, Aiyuni Hashim",Drama,Genius Parade,,2017,421
You Mean the World to Me,Saw Teong Hin,"Frederick Lee, Neo Swee Lin, John Tan, Chelsia Ng, Chad O'Brien",Drama,"Astro Shaw
Penang Hokkien-language",,2017,422
Lebuhraya Ke Neraka,Mamat Khalid,"Awie, Khir Rahman, Pekin Ibrahim, Miera Leyana, Shah Jaszle",Horror / Drama,Primeworks Studios,,2017,423
RIP?,S.T. Bala,"Manan Subra, Suloshna Balan, S. S. Shivajee, Venumathi",Drama,"Fenomena Seni Produksi
Tamil-language film",,2017,424
Minah Moto,Ahmad Idham,"Dayana Roza, Ariz Lufias, Cat Farish, Julia Hana, Aliff Yasraf",Action / Comedy,Aifa Motion Pictures,,2017,425
Kerja Kahwin,Anwardi Jamil,"Janna Nick, Rosnani Jamil, Shaharuddin Thamby, Ziema Din, Syed Ali, Aziz M. Osman, A. R. Badul",Comedy / Romance,Wayang Padu,,2017,426
Puthiya Payanam,Kathiraven Subramaniam,"Raven, Lavysha, Yoga, Koghilan Suren",Action / Drama / Sports,"SB Production
Tamil-language film",,2017,427
Kau Yang Satu,Osman Ali,"Aaron Aziz, Izara Aishah, Soo Wincci, Hisyam Hamid, Zaidi Omar, Wan Hanafi Su",Romance,Astro Shaw-Global Station co-production,,2017,428
Maama Machan,RMS Sara,"Nithya Shree, BenG, RMS Sara.R, P Jegan, Mcva, Linges, Shamini, Kalpana Shree",Comedy,"Boss Pictures
Tamil-language film",,2017,429
Hijabsta Ballet,Syed Zul Tojo,"Puteh Maimun Zahrah, Betty Benafe, Aman Graseka, Aida Khalida",Drama,Explosive Magic,,2017,430
Pencuri Hati Mr. Cinderella,Ahmad Idham,"Ahmad Idham, Atikah Suhaimie, Eizlan Yusof, Cat Farish, Faye Kusairi, Hairul Azreen, Haliza Misbun",Romance,Aifa Motion Pictures,,2017,431
Balun,Bob Singah,"Beto Kusyairy, Izara Aishah, Eizlan Yusof, Reen Rahim",Action,Elements Pictures,,2017,432
Abang Long Fadil 2,Syafiq Yusof,"Zizan Razak, Syamsul Yusof, AC Mizal, Tania Hudson, Wak Doyok, Achey Bocey, Shuib Sepahtu, A. Galak, Mas Khan",Action / Comedy,"Skop Productions-Astro Shaw co-production
Preceded by Abang Long Fadil (2014)",,2017,433
Vettai Karuppar Ayya,Amigoz Sugu,"GK, GpKay, Nanba Vijay, Gayathri",Drama / Horror / Mystery,"D'Cinema
Tamil-language film",,2017,434
Malay Regiment,Jurey Latiff,"Yus Waisar, Nad Zainal, Z.Zamri, Ahmad Tarmimi Siregar",Action,World Evolution Brain,,2017,435
Mendidih Bro,Z. Lokman,"Azrel Ismail, Julianna Evans, Marlyn Guinto, Yank Kassim, Adrea Abdullah, Z. Lokman, Amy Mastura",Adventure,Swamatra,,2017,436
Kau Takdirku,Jason Chong,"Ezzaty Abdullah, Bront Palarae, Remy Ishak",Drama / Romance,Primeworks Studios,,2017,437
Mrs K,Ho Yuhang,"Kara Wai, Simon Yam, Wu Bai, Faizal Hussein",Action,"Red Films
Mandarin-language film",,2017,438
Kolestrol vs Cinta,Eyra Rahman,"Tiz Zaqyah, Kamal Adli, Ardell Aryana",Romance,MIG Pictures,,2017,439
Bisik Pada Langit,Kabir Bhatia,"Jalil Hamid, Ummi Nazeera, Beto Kusyairy, Fadilah Mansor",Drama,Nusantara Seni Karya,,2017,440
9.13 The Returning,David Thian Thor Wei,"Jean Tan, Steve Yap, Remon Lim, Sherlyn Seo, Kevin Soo",Horror,"DAA Productions
Mandarin-language film",,2017,441
LuQman,Mahadi J. Murat,"Wan Hanafi Su, Raja Ilya, Josiah Hogan",Drama,Institut Kesenian dan Kajian Media Malaysia,,2017,442
The Farm: En Veettu Thottathil,Karthik Shamalan,"Jaya Ganason, Mohanaraj, Mahesan Poobalan, Yugendran Maniam, Haridhass",Horror,"S Cape Imagination
Tamil-language film",,2017,443
Aku Bukan Terrorist,Arjin Uppal,"Afiq Muiz, Gulshan Grover, Chacha Maembong, Rahul Dev, Farida Jalal, Jalaluddin Hassan, Betty Benafe",Drama,White Merpati Entertainment,,2017,444
Vasantha Villas,Roy,"Jeeva, Vadivukarasi, Ben'G, Sangetha, Saminathan",Action,AG Film Factory,,2017,445
Tombiruo: Penunggu Rimba,Seth Larney,"Farid Kamil, Zul Ariffin, Nabila Huda, Faizal Hussein, Hasnul Rahmat",Action / Drama,Astro Shaw-Layar Sunan co-production,,2017,446
Shuttle Life,Tan Seng Kiat,"Jack Tan, Angel Chan, Sylvia Chang",Family,"More Entertainment
Mandarin-language film",,2017,447
Haunted Hotel,Ryon Lee,"Sushar Manaying, Azman Hassan, Teddy Chin, Alvin Chong, Li Chuan",Horror,"Lomo Pictures
Mandarin-language film",,2017,448
Asli,David Liew,"Gina Wong, Rain Lee, Amit Joyo Bah Chu Hong, Alang Bah Kang",Family,"Cinetopia
Mandarin-language film",,2017,449
Dubai My Love,Aidilfitri Mohamed Yunos,"Erwin Dawson, Hanna Aqeela, Putri Najuwa, Ben Ali",Romance / Family,Tsar Asia,,2017,450
Peransang Rentap,Lina Johor,"Vincent Mallang, Diana Johor, Charlmay, Emmanuel Reuben, Ethel Lampai",Romance / Historical,Unique Twins,,2017,451
Jhangri,Kabilan Plondran,"Vicran Elanggoven, Agalyah Maniam, Kuben Mahadevan, Daview Puvanan, K. Karnan",Romance,"Jhangri Production House
Tamil-language film",,2017,452
Headlines,James Wong Chee Keong,"Wang Lei, Shaun Chen, Sean Lee, Seck Fook Yee",Horror,"Just Work Entertainment
Mandarin-language film",,2017,453
The Kid From The Big Apple 2: Before We Forget,Jess Teong,"Tommy Tam, Tan Qin Lin, Debbie Goh, Shaun Tam",Family,"Three Pictures
Mandarin-language film",,2017,454
Motor Terbang: Rempit Sampai Langit,Silver Yee,"Ajak Shiro, Nabila Huda, Tauke Jambu, Reen Rahim, Jay Iswazir, Cristina Suzanne",Action / Comedy,Suhan Movies & Trading,,2017,455
Thottam: The Garden,Arangkannal Rajoo,"KS Maniam, Singai Jegan, Aghilvarman, Thana, Ruban, Vivian Chong",Drama,"Blueye Productions
Tamil-language film",,2017,456
Aasaan,S. D. Puvanendran,"S. Haridhass, Shashi Tharan, Seelan Manoheran, Saresh D'seven",Action,"Nova Rimbun
Tamil-language film",,2017,457
Pinjamkan Hatiku,Osman Ali,"Ayda Jebat, Shaheizy Sam, Farid Kamil, Lia Natalia, Normah Damanhuri",Romance,Nuansa,,2017,458
"Papa, Come Home",Nick Wong & Chong Shee Lin,"Jack Lim, Jayden Sow, Jieying Tha, Kenji Sawahii",Family,"The Film Engine
Mandarin-language film",,2017,459
Jibam,Che Mie,"Mohd. Ariff Abdullah, Bohari Ibrahim, Syafie Naswip, Kazar Saisi",Drama,Spektra Selasih,,2017,460
Brotherhood,Silver Yee,"Eric Lin, Bernard Hiew, Hanz Koay, Sky Kang, January So, Sherlyn Seo",Action,"Malayflix Movies
Mandarin-language film",,2017,461
KL Wangan: Bikin Gempak,Pekin Ibrahim,"Faizal Hussein, Pekin Ibrahim, Kazuto Soon, Emily Lim",Action,Centro Pictures,,2017,462
Busker,Kye Fariz,"Hafeez Mikail, Daiyan Trisha, Anas Ridzuan, Bulan, Lia Natalia, Mas Khan",Romance,Astro Shaw,,2018,463
Best Story,"Teddy Chin, JY Teng & Eden Wan","Jack Lim, Jack Yap, Eric Lin, Yoke Chen, Wayne Cai, Jane Ng",Drama,"Lomo Pictures
Mandarin-language film",,2018,464
Bukan Cinta Malaikat,Aziz M. Osman,"Nora Danish, Fachri Albar, Ashraf Muslim, Donita, Bonda Afida, Dynas Mokhtar",Romance,"Ace Motion Production
Indonesia-Malaysia co-production",,2018,465
Makrifat Cinta,Kamal G,"Syamsul Yusof, Nora Danish, Nabila Huda, Adi Putra, Aznil Nawawi, Puteri Balqis, Sabrina Ali",Drama,Dhananwoodd Films,,2018,466
Badang,Abdul Razak Mohaideen,"Aliff Syukri, Fasha Sandha, Azhari Mohd Zain, Aminah Rhapor, Fauzi Nawawi, Fareez Fauzi",Action,FiTA Studios,,2018,467
A House of Happiness,JY Teng,"Richard Ng, Mimi Chu, Chan Fong, Cheryl Lee",Family,"Lomo Pictures
Mandarin-language film",,2018,468
Surf This Love: Gelora Juara,Waan Hafiz,"Shukri Yahaya, Cristina Suzanne, Pekin Ibrahim, Josiah Hogan, Ardell Aryana",Comedy / Romance,Global Solution Resources,,2018,469
Amazing Titanman,Eddie Tiger,"Jaguar Lim, Namewee, Mehrdad Razavi Mozart, Azman Hassan",Comedy / Science Fiction,"Jaguar Lim Films & Productions
Mandarin-language film",,2018,470
Bidong The Boat People,Yusof Kelana,"Taufik Hanafi, Irene Wong, Livonia Ricky, Zamree",Historical,YKS Film Maker,,2018,471
KL Special Force,Syafiq Yusof,"Syamsul Yusof, Rosyam Nor, Fattah Amin",Action,Viper Studios-Skop Production-Damofa Productions co-production,,2018,472
Get Hard Tongkat Ali,Chan Wai Cheong,"JC Chee, Juwei Teoh, Sarah Lian, Emily Kong, Elvis Chin",Comedy,"Storideas
Mandarin-language film",,2018,473
Lee Chong Wei: Rise Of The Legend,Teng Bee,"Tosh Chan, Jake Eng, Ashley Hua, Rosyam Nor, Yeo Yann Yann, Mark Lee, Freddie Wong, Bernard Hiew",Drama / Sports,"CB Pictures
Mandarin-language film",,2018,474
33km From KL,K. S. Umaagaanthan,"Ben G, Kavi Maran, Logeswaran, Ananthan Muniandy",Crime,"KS Armada Megah
Tamil-language film",,2018,475
Hantu Wangan,Ahmad Idham,"Achey Bocey, Nur Risteena, Ruminah Sidek",Comedy,Aifa Motion Pictures,,2018,476
Enjin No. 9,Raja Azmi,"Kazar, Tajul Arif, Sharifah Shahira, Ayuni Asyiqin",Comedy,Rangkaian Melati Production,,2018,477
Dukun,Dain Said,"Umie Aida, Faizal Hussein, Adlin Aman Ramlie, Namron, Sofi Jikan",Horror / Thriller,Astro Shaw,,2018,478
Villavan,Vassan Kumaran,"Vinod Mohan, Sangeeta Krishnasamy, Logan Nathan",Action,"GVKM Elephant Pictures
Tamil-language film",,2018,479
Shun Pong O,David Thian Thor Wei,"Shinny Tan, Kim Ho Won, Sherlyn Seo, Philip Keong, Phoebe Ooi, Jin Ju Hyung",Romance,"DAA Production
Mandarin-language film",,2018,480
Sughamaai Subbulakshmi,Karthik Shamalan,"Saresh D7, Punitah Shanmugam, Bagya Arivuckarasu, Kuben Mahadevan, G Crack Karnan",Romance,"MA Productions House
Tamil-language film",,2018,481
Million Loves In Me,Sampson Yuen,"John Y, Lo Koon Lan, Wilson Lee, Ruby Yap, Hiro Hayama",Drama,"Full Billion Entertainment
Cantonese-language film",,2018,482
Impermanence Life,Lai Kim Koon,"Loo Chin Mei, Jovean Yee, Lai Jiun Yong",Family,"Cao Min Pictures
Mandarin-language film",,2018,483
Qhaliq,Rosli Mohd Taib,"Hairul Azreen, Aliff Yasraff, Nur Risteena",Action,Aifa Motion Pictures,,2018,484
This Is Pilah,Rosdi Mat Dhali,"Juzzthin, Zaidatul Iesna Mohd Raus, Kazar, Eliza Mustafa",Comedy,Madness Films,,2018,485
Blue Tears,Zhu Dan & Wang Jiang,"Wong Yat Fei, Clara Wong, Xie Ming Yu",Historical,"Global China Film
Mandarin-language film",,2018,486
Blok 404: Hidup Sampai Mati,Isma,"Zamarul Hisham, Raja Azri, Nur Risteena, Amar Asyraf",Mystery,DBI Entertainment,,2018,487
Ghora,Devendran Arunasalam,"G Crack Karnan, Mugen Rao, Yasmin Nadiah, Sara Baskin, Velarasan, Sathish Kumar",Horror,"Algebra Films
Tamil-language film",,2018,488
Atcham Thavir,S. S. Vikneswaran & Karthik Shamalan,"Gana, Uthaya, Geetha, Aanantha",Comedy,"JPS Consultancy & Training
Tamil-language film",,2018,489
Buyer Beware,Jeffrey Chiang,"Carlos Chan, Bryant Mak, Carmen Soup",Horror,"MM2 Entertainment
Cantonese-language film",,2018,490
Vedigundu Pasangge,Vimala Perumal,"Denes Kumar, Sangeeta Krishnasamy, Thangamani Velayudan, David Anthony, Seelan Manoheran",Action / Comedy,"Veedu Production
Tamil-language film",,2018,491
Pulang,Kabir Bhatia,"Remy Ishak, Puteri Aishah Sulaiman, Azrel Ismail, Erwin Dawson, Juliana Evans",Biography / Drama / Historical,Primeworks Studios,,2018,492
Hantu Kak Limah,Mamat Khalid,"Awie, Delimawati, Rab Khalid, TJ Isa, Sharwani, Zul Ariffin, Uqasha Senrose, Ropie",Comedy / Horror,"Astro Shaw
Preceded by Hantu Kak Limah Balik Rumah (2010) and Hantu Kak Limah 2: Husin, Mon & Jin Pakai Toncit (2013)",,2018,493
Wheely,Yusry Abdul Halim,"Zizan Razak, Johan, Lisa Surihani, Norman Abdul Halim, Felix Mayer, Linus Kraus, Josephine Schmidt",Action / Animation / Comedy,KRU Studios,,2018,494
Thirudathey Papa Thirudathey,Shalini Balasundaram,"Saresh D7, Shalini Balasundaram, Kabil Ganesan, Yuvaraj Krishnasamy",Action / Comedy / Romance,"Story Films
Tamil-language film",,2018,495
Munafik 2,Syamsul Yusof,"Syamsul Yusof, Maya Karin, Fizz Fairuz, Mawi, Fauzi Nawawi, Nasir Bilal Khan, Rahim Razali",Horror,"Skop Productions
Preceded by Munafik (2016)",,2018,496
One Two Jaga,"Nam Ron, Mohd Shafiq & Pitt Haniff","Zahiril Adzim, Rosdeen Suboh, Ario Bayu, Timothy Castillo, Iedil Putra",Action / Drama,TGV Pictures,,2018,497
Rise: Ini Kalilah,"Prem Nath, Saw Teong Hin & Nik Amir Mustapha","Remy Ishak, Mira Filzah, Sangeeta Krishnasamy, Jack Tan, Shashi Tharan, Jenn Chia",Drama,MM2 Entertainment,,2018,498
Neeyum Naanum,Bala Ganapathi William,"Bala Ganapathi William, Jasmin Micheal, Kavitha Thiagarajan, Suhan",Comedy / Romance,"BGW Studios
Tamil-language film",,2018,499
Langsuir,Osman Ali,"Syafiq Kyle, Hannah Delisha",Horror,Early Bird Productions,,2018,500
Tangisan Akinabalu,Jurey Latiff,"Yuri Mejal, Phanthegerow, Syaiful",Horror,New Line Productions,,2018,501
PASKAL,Adrian Teh,"Hairul Azreen, Ammar Alfian, Henley Hii, Taufik Hanafi",Action / Thriller,"Asia Tropical Films, Golden Screen Cinemas, Multimedia Entertainment, & Astro Shaw",,2018,502
Kalla: Hidup Atau Mati,Wan Hasliza,"Faizal Hussein, Farali Khan, Vanida Imran, Azhan Rani, Faizal Hussein, Farali Khan, Azhan Rani, Haeryanto Hassan",Action / Drama,Empire Film Solution,,2018,503
Gol Dan Gincu Vol. 2,Umi Salwana Omar,"Diana Danielle, Ummi Nazeera, Sharifah Amani, Sazzy Falak, Syafiq Kyle, Aedy Ashraf",Comedy / Drama,Red Films,,2018,504
Operasi X,Sandosh Kesavan,"Aaron Aziz, Awie, Yusof Haslam, Nasir Bilal Khan, Hairul Azreen",Action / Crime,Dream Pictures Production,,2018,505
7ujuh,Raja Mukhriz Raja Ahmad Kamaruddin,"Johan As'ari, Cristina Suzanne, Siti Saleha, Aeril Zafrel, Pekin Ibrahim, Dee Dee Nash, Riz Amin, Marsha Milan Londoh, Faizal Hussein",Horror / Thriller,Primeworks Studios,,2018,506
Mahaguru,Z Lokman,"Mokhtaruddin, Alif AF, Mie Raja Lawak, Aman Shah",Action,Bismi Adira Production,,2018,507
Polis EVO 2,"Joel Soh, Andre Chiew","Zizan Razak, Shaheizy Sam, Raline Shah, Erra Fazira, Hasnul Rahmat, Mike Lucock, Tanta Ginting, Soffi Jikan, Syafie Naswip, Hairul Azreen",Action,"Astro Shaw
Preceded by Polis Evo (2015)",,2018,508
Guang,Quek Shio Chuan,"Kyo Chen, Emily Chan, Ernest Chong",Family,"MM2 Entertainment
Mandarin-language film",,2018,509
Who Is The Champion?,John Lee,"Alien Huang, Jasmine Lee, Judy Chou",Action / Dance / Drama,"Mega Films Distribution
Mandarin-language film",,2018,510
3AM,Azlan Shahril,"Norman Hakim, Jalaluddin Hassan, Dynas Mokhtar, A. Galak, Rahim Omar, Allana Amir",Horror,Bright Sun Media,,2018,511
A Stolen Life,"Lin Shuhung, Kee Lai Koon","Eric Suen, Tong Bing Yu, Yin Yanping, Zhu Yaying",Thriller,"MM2 Entertainment
Mandarin-language film",,2018,512
Awang Gerudi,Z. Lokman,"Aprena Manrose, Zoey Rahman, Ika Nabila",Comedy,Empire Film Solution,,2018,513
